DECLARE @fechaCreacion DATETIME = CONVERT(DATE, '01/01/2000', 103)


--Se insertan los tipos de identificación
INSERT INTO tid_TipoIdentificacion(tid_Id, tid_Codigo, tid_Nombre, tid_FechaCreacion, tid_FechaActualizacion, tid_Activo)
VALUES (1, 'NIT', 'NIT', @fechaCreacion, @fechaCreacion, 1)

INSERT INTO tid_TipoIdentificacion(tid_Id, tid_Codigo, tid_Nombre, tid_FechaCreacion, tid_FechaActualizacion, tid_Activo)
VALUES (2, 'CC', 'Cédula de ciudadania', @fechaCreacion, @fechaCreacion, 1)

--Se insertan los productos
SET IDENTITY_INSERT pro_Producto ON

INSERT INTO pro_Producto (pro_Id, pro_FechaCreacion, pro_FechaActualizacion, pro_Activo, pro_Codigo, pro_Nombre, pro_CantidadInventario, pro_CantidadReposicion) VALUES (1, @fechaCreacion, @fechaCreacion, 1, '182', 'Producto 1', 120, 5);
INSERT INTO pro_Producto (pro_Id, pro_FechaCreacion, pro_FechaActualizacion, pro_Activo, pro_Codigo, pro_Nombre, pro_CantidadInventario, pro_CantidadReposicion) VALUES (2, @fechaCreacion, @fechaCreacion, 1, '191', 'Producto 2', 120, 5);
INSERT INTO pro_Producto (pro_Id, pro_FechaCreacion, pro_FechaActualizacion, pro_Activo, pro_Codigo, pro_Nombre, pro_CantidadInventario, pro_CantidadReposicion) VALUES (3, @fechaCreacion, @fechaCreacion, 1, '193', 'Producto 3', 120, 5);
INSERT INTO pro_Producto (pro_Id, pro_FechaCreacion, pro_FechaActualizacion, pro_Activo, pro_Codigo, pro_Nombre, pro_CantidadInventario, pro_CantidadReposicion) VALUES (4, @fechaCreacion, @fechaCreacion, 1, '200', 'Producto 4', 120, 5);
INSERT INTO pro_Producto (pro_Id, pro_FechaCreacion, pro_FechaActualizacion, pro_Activo, pro_Codigo, pro_Nombre, pro_CantidadInventario, pro_CantidadReposicion) VALUES (5, @fechaCreacion, @fechaCreacion, 1, '321', 'Producto 5', 120, 5);
INSERT INTO pro_Producto (pro_Id, pro_FechaCreacion, pro_FechaActualizacion, pro_Activo, pro_Codigo, pro_Nombre, pro_CantidadInventario, pro_CantidadReposicion) VALUES (6, @fechaCreacion, @fechaCreacion, 1, '338', 'Producto 6', 120, 5);
INSERT INTO pro_Producto (pro_Id, pro_FechaCreacion, pro_FechaActualizacion, pro_Activo, pro_Codigo, pro_Nombre, pro_CantidadInventario, pro_CantidadReposicion) VALUES (7, @fechaCreacion, @fechaCreacion, 1, '438', 'Producto 7', 120, 5);
INSERT INTO pro_Producto (pro_Id, pro_FechaCreacion, pro_FechaActualizacion, pro_Activo, pro_Codigo, pro_Nombre, pro_CantidadInventario, pro_CantidadReposicion) VALUES (8, @fechaCreacion, @fechaCreacion, 1, '494', 'Producto 8', 120, 5);
INSERT INTO pro_Producto (pro_Id, pro_FechaCreacion, pro_FechaActualizacion, pro_Activo, pro_Codigo, pro_Nombre, pro_CantidadInventario, pro_CantidadReposicion) VALUES (9, @fechaCreacion, @fechaCreacion, 1, '537', 'Producto 9', 120, 5);
INSERT INTO pro_Producto (pro_Id, pro_FechaCreacion, pro_FechaActualizacion, pro_Activo, pro_Codigo, pro_Nombre, pro_CantidadInventario, pro_CantidadReposicion) VALUES (10, @fechaCreacion, @fechaCreacion, 1, '574', 'Producto 10', 120, 5);
INSERT INTO pro_Producto (pro_Id, pro_FechaCreacion, pro_FechaActualizacion, pro_Activo, pro_Codigo, pro_Nombre, pro_CantidadInventario, pro_CantidadReposicion) VALUES (11, @fechaCreacion, @fechaCreacion, 1, '577', 'Producto 11', 120, 5);
INSERT INTO pro_Producto (pro_Id, pro_FechaCreacion, pro_FechaActualizacion, pro_Activo, pro_Codigo, pro_Nombre, pro_CantidadInventario, pro_CantidadReposicion) VALUES (12, @fechaCreacion, @fechaCreacion, 1, '587', 'Producto 12', 120, 5);
INSERT INTO pro_Producto (pro_Id, pro_FechaCreacion, pro_FechaActualizacion, pro_Activo, pro_Codigo, pro_Nombre, pro_CantidadInventario, pro_CantidadReposicion) VALUES (13, @fechaCreacion, @fechaCreacion, 1, '003X35E', 'Producto 13', 120, 5);
INSERT INTO pro_Producto (pro_Id, pro_FechaCreacion, pro_FechaActualizacion, pro_Activo, pro_Codigo, pro_Nombre, pro_CantidadInventario, pro_CantidadReposicion) VALUES (14, @fechaCreacion, @fechaCreacion, 1, '003X40E', 'Producto 14', 120, 5);
INSERT INTO pro_Producto (pro_Id, pro_FechaCreacion, pro_FechaActualizacion, pro_Activo, pro_Codigo, pro_Nombre, pro_CantidadInventario, pro_CantidadReposicion) VALUES (15, @fechaCreacion, @fechaCreacion, 1, '004C', 'Producto 15', 120, 5);
INSERT INTO pro_Producto (pro_Id, pro_FechaCreacion, pro_FechaActualizacion, pro_Activo, pro_Codigo, pro_Nombre, pro_CantidadInventario, pro_CantidadReposicion) VALUES (16, @fechaCreacion, @fechaCreacion, 1, '004MA', 'Producto 16', 120, 5);
INSERT INTO pro_Producto (pro_Id, pro_FechaCreacion, pro_FechaActualizacion, pro_Activo, pro_Codigo, pro_Nombre, pro_CantidadInventario, pro_CantidadReposicion) VALUES (17, @fechaCreacion, @fechaCreacion, 1, '004MAT', 'Producto 17', 120, 5);
INSERT INTO pro_Producto (pro_Id, pro_FechaCreacion, pro_FechaActualizacion, pro_Activo, pro_Codigo, pro_Nombre, pro_CantidadInventario, pro_CantidadReposicion) VALUES (18, @fechaCreacion, @fechaCreacion, 1, '004ML', 'Producto 18', 120, 5);
INSERT INTO pro_Producto (pro_Id, pro_FechaCreacion, pro_FechaActualizacion, pro_Activo, pro_Codigo, pro_Nombre, pro_CantidadInventario, pro_CantidadReposicion) VALUES (19, @fechaCreacion, @fechaCreacion, 1, '004MLA', 'Producto 19', 120, 5);
INSERT INTO pro_Producto (pro_Id, pro_FechaCreacion, pro_FechaActualizacion, pro_Activo, pro_Codigo, pro_Nombre, pro_CantidadInventario, pro_CantidadReposicion) VALUES (20, @fechaCreacion, @fechaCreacion, 1, '004MLAF', 'Producto 20', 120, 5);
INSERT INTO pro_Producto (pro_Id, pro_FechaCreacion, pro_FechaActualizacion, pro_Activo, pro_Codigo, pro_Nombre, pro_CantidadInventario, pro_CantidadReposicion) VALUES (21, @fechaCreacion, @fechaCreacion, 1, '004MLM', 'Producto 21', 120, 5);
INSERT INTO pro_Producto (pro_Id, pro_FechaCreacion, pro_FechaActualizacion, pro_Activo, pro_Codigo, pro_Nombre, pro_CantidadInventario, pro_CantidadReposicion) VALUES (22, @fechaCreacion, @fechaCreacion, 1, '004MLN', 'Producto 22', 120, 5);
INSERT INTO pro_Producto (pro_Id, pro_FechaCreacion, pro_FechaActualizacion, pro_Activo, pro_Codigo, pro_Nombre, pro_CantidadInventario, pro_CantidadReposicion) VALUES (23, @fechaCreacion, @fechaCreacion, 1, '004MLR', 'Producto 23', 120, 5);
INSERT INTO pro_Producto (pro_Id, pro_FechaCreacion, pro_FechaActualizacion, pro_Activo, pro_Codigo, pro_Nombre, pro_CantidadInventario, pro_CantidadReposicion) VALUES (24, @fechaCreacion, @fechaCreacion, 1, '004MLV', 'Producto 24', 120, 5);
INSERT INTO pro_Producto (pro_Id, pro_FechaCreacion, pro_FechaActualizacion, pro_Activo, pro_Codigo, pro_Nombre, pro_CantidadInventario, pro_CantidadReposicion) VALUES (25, @fechaCreacion, @fechaCreacion, 1, '004MLZ', 'Producto 25', 120, 5);
INSERT INTO pro_Producto (pro_Id, pro_FechaCreacion, pro_FechaActualizacion, pro_Activo, pro_Codigo, pro_Nombre, pro_CantidadInventario, pro_CantidadReposicion) VALUES (26, @fechaCreacion, @fechaCreacion, 1, '004X10E', 'Producto 26', 120, 5);
INSERT INTO pro_Producto (pro_Id, pro_FechaCreacion, pro_FechaActualizacion, pro_Activo, pro_Codigo, pro_Nombre, pro_CantidadInventario, pro_CantidadReposicion) VALUES (27, @fechaCreacion, @fechaCreacion, 1, '004X11E', 'Producto 27', 120, 5);
INSERT INTO pro_Producto (pro_Id, pro_FechaCreacion, pro_FechaActualizacion, pro_Activo, pro_Codigo, pro_Nombre, pro_CantidadInventario, pro_CantidadReposicion) VALUES (28, @fechaCreacion, @fechaCreacion, 1, '004X20E', 'Producto 28', 120, 5);
INSERT INTO pro_Producto (pro_Id, pro_FechaCreacion, pro_FechaActualizacion, pro_Activo, pro_Codigo, pro_Nombre, pro_CantidadInventario, pro_CantidadReposicion) VALUES (29, @fechaCreacion, @fechaCreacion, 1, '004X25E', 'Producto 29', 120, 5);
INSERT INTO pro_Producto (pro_Id, pro_FechaCreacion, pro_FechaActualizacion, pro_Activo, pro_Codigo, pro_Nombre, pro_CantidadInventario, pro_CantidadReposicion) VALUES (30, @fechaCreacion, @fechaCreacion, 1, '004X30E', 'Producto 30', 120, 5);
INSERT INTO pro_Producto (pro_Id, pro_FechaCreacion, pro_FechaActualizacion, pro_Activo, pro_Codigo, pro_Nombre, pro_CantidadInventario, pro_CantidadReposicion) VALUES (31, @fechaCreacion, @fechaCreacion, 1, '004X35E', 'Producto 31', 120, 5);
INSERT INTO pro_Producto (pro_Id, pro_FechaCreacion, pro_FechaActualizacion, pro_Activo, pro_Codigo, pro_Nombre, pro_CantidadInventario, pro_CantidadReposicion) VALUES (32, @fechaCreacion, @fechaCreacion, 1, '004X40E', 'Producto 32', 120, 5);
INSERT INTO pro_Producto (pro_Id, pro_FechaCreacion, pro_FechaActualizacion, pro_Activo, pro_Codigo, pro_Nombre, pro_CantidadInventario, pro_CantidadReposicion) VALUES (33, @fechaCreacion, @fechaCreacion, 1, '005TS', 'Producto 33', 120, 5);
INSERT INTO pro_Producto (pro_Id, pro_FechaCreacion, pro_FechaActualizacion, pro_Activo, pro_Codigo, pro_Nombre, pro_CantidadInventario, pro_CantidadReposicion) VALUES (34, @fechaCreacion, @fechaCreacion, 1, '005TSN', 'Producto 34', 120, 5);
INSERT INTO pro_Producto (pro_Id, pro_FechaCreacion, pro_FechaActualizacion, pro_Activo, pro_Codigo, pro_Nombre, pro_CantidadInventario, pro_CantidadReposicion) VALUES (35, @fechaCreacion, @fechaCreacion, 1, '005TT', 'Producto 35', 120, 5);
INSERT INTO pro_Producto (pro_Id, pro_FechaCreacion, pro_FechaActualizacion, pro_Activo, pro_Codigo, pro_Nombre, pro_CantidadInventario, pro_CantidadReposicion) VALUES (36, @fechaCreacion, @fechaCreacion, 1, '005X10E', 'Producto 36', 120, 5);
INSERT INTO pro_Producto (pro_Id, pro_FechaCreacion, pro_FechaActualizacion, pro_Activo, pro_Codigo, pro_Nombre, pro_CantidadInventario, pro_CantidadReposicion) VALUES (37, @fechaCreacion, @fechaCreacion, 1, '005X15E', 'Producto 37', 120, 5);
INSERT INTO pro_Producto (pro_Id, pro_FechaCreacion, pro_FechaActualizacion, pro_Activo, pro_Codigo, pro_Nombre, pro_CantidadInventario, pro_CantidadReposicion) VALUES (38, @fechaCreacion, @fechaCreacion, 1, '005X16BC', 'Producto 38', 120, 5);
INSERT INTO pro_Producto (pro_Id, pro_FechaCreacion, pro_FechaActualizacion, pro_Activo, pro_Codigo, pro_Nombre, pro_CantidadInventario, pro_CantidadReposicion) VALUES (39, @fechaCreacion, @fechaCreacion, 1, '005X20BC', 'Producto 39', 120, 5);
INSERT INTO pro_Producto (pro_Id, pro_FechaCreacion, pro_FechaActualizacion, pro_Activo, pro_Codigo, pro_Nombre, pro_CantidadInventario, pro_CantidadReposicion) VALUES (40, @fechaCreacion, @fechaCreacion, 1, '005X20E', 'Producto 40', 120, 5);
INSERT INTO pro_Producto (pro_Id, pro_FechaCreacion, pro_FechaActualizacion, pro_Activo, pro_Codigo, pro_Nombre, pro_CantidadInventario, pro_CantidadReposicion) VALUES (41, @fechaCreacion, @fechaCreacion, 1, '005X20P', 'Producto 41', 120, 5);
INSERT INTO pro_Producto (pro_Id, pro_FechaCreacion, pro_FechaActualizacion, pro_Activo, pro_Codigo, pro_Nombre, pro_CantidadInventario, pro_CantidadReposicion) VALUES (42, @fechaCreacion, @fechaCreacion, 1, '005X25BC', 'Producto 42', 120, 5);
INSERT INTO pro_Producto (pro_Id, pro_FechaCreacion, pro_FechaActualizacion, pro_Activo, pro_Codigo, pro_Nombre, pro_CantidadInventario, pro_CantidadReposicion) VALUES (43, @fechaCreacion, @fechaCreacion, 1, '005X25E', 'Producto 43', 120, 5);
INSERT INTO pro_Producto (pro_Id, pro_FechaCreacion, pro_FechaActualizacion, pro_Activo, pro_Codigo, pro_Nombre, pro_CantidadInventario, pro_CantidadReposicion) VALUES (44, @fechaCreacion, @fechaCreacion, 1, '005X25P', 'Producto 44', 120, 5);
INSERT INTO pro_Producto (pro_Id, pro_FechaCreacion, pro_FechaActualizacion, pro_Activo, pro_Codigo, pro_Nombre, pro_CantidadInventario, pro_CantidadReposicion) VALUES (45, @fechaCreacion, @fechaCreacion, 1, '005X30BC', 'Producto 45', 120, 5);
INSERT INTO pro_Producto (pro_Id, pro_FechaCreacion, pro_FechaActualizacion, pro_Activo, pro_Codigo, pro_Nombre, pro_CantidadInventario, pro_CantidadReposicion) VALUES (46, @fechaCreacion, @fechaCreacion, 1, '005X30E', 'Producto 46', 120, 5);
INSERT INTO pro_Producto (pro_Id, pro_FechaCreacion, pro_FechaActualizacion, pro_Activo, pro_Codigo, pro_Nombre, pro_CantidadInventario, pro_CantidadReposicion) VALUES (47, @fechaCreacion, @fechaCreacion, 1, '005X30P', 'Producto 47', 120, 5);
INSERT INTO pro_Producto (pro_Id, pro_FechaCreacion, pro_FechaActualizacion, pro_Activo, pro_Codigo, pro_Nombre, pro_CantidadInventario, pro_CantidadReposicion) VALUES (48, @fechaCreacion, @fechaCreacion, 1, '005X35BC', 'Producto 48', 120, 5);
INSERT INTO pro_Producto (pro_Id, pro_FechaCreacion, pro_FechaActualizacion, pro_Activo, pro_Codigo, pro_Nombre, pro_CantidadInventario, pro_CantidadReposicion) VALUES (49, @fechaCreacion, @fechaCreacion, 1, '005X35E', 'Producto 49', 120, 5);
INSERT INTO pro_Producto (pro_Id, pro_FechaCreacion, pro_FechaActualizacion, pro_Activo, pro_Codigo, pro_Nombre, pro_CantidadInventario, pro_CantidadReposicion) VALUES (50, @fechaCreacion, @fechaCreacion, 1, '005X40BC', 'Producto 50', 120, 5);
INSERT INTO pro_Producto (pro_Id, pro_FechaCreacion, pro_FechaActualizacion, pro_Activo, pro_Codigo, pro_Nombre, pro_CantidadInventario, pro_CantidadReposicion) VALUES (51, @fechaCreacion, @fechaCreacion, 1, '005X40E', 'Producto 51', 120, 5);
INSERT INTO pro_Producto (pro_Id, pro_FechaCreacion, pro_FechaActualizacion, pro_Activo, pro_Codigo, pro_Nombre, pro_CantidadInventario, pro_CantidadReposicion) VALUES (52, @fechaCreacion, @fechaCreacion, 1, '005X45BC', 'Producto 52', 120, 5);
INSERT INTO pro_Producto (pro_Id, pro_FechaCreacion, pro_FechaActualizacion, pro_Activo, pro_Codigo, pro_Nombre, pro_CantidadInventario, pro_CantidadReposicion) VALUES (53, @fechaCreacion, @fechaCreacion, 1, '005X45E', 'Producto 53', 120, 5);
INSERT INTO pro_Producto (pro_Id, pro_FechaCreacion, pro_FechaActualizacion, pro_Activo, pro_Codigo, pro_Nombre, pro_CantidadInventario, pro_CantidadReposicion) VALUES (54, @fechaCreacion, @fechaCreacion, 1, '005X50BC', 'Producto 54', 120, 5);
INSERT INTO pro_Producto (pro_Id, pro_FechaCreacion, pro_FechaActualizacion, pro_Activo, pro_Codigo, pro_Nombre, pro_CantidadInventario, pro_CantidadReposicion) VALUES (55, @fechaCreacion, @fechaCreacion, 1, '005X50E', 'Producto 55', 120, 5);
INSERT INTO pro_Producto (pro_Id, pro_FechaCreacion, pro_FechaActualizacion, pro_Activo, pro_Codigo, pro_Nombre, pro_CantidadInventario, pro_CantidadReposicion) VALUES (56, @fechaCreacion, @fechaCreacion, 1, '006TS', 'Producto 56', 120, 5);
INSERT INTO pro_Producto (pro_Id, pro_FechaCreacion, pro_FechaActualizacion, pro_Activo, pro_Codigo, pro_Nombre, pro_CantidadInventario, pro_CantidadReposicion) VALUES (57, @fechaCreacion, @fechaCreacion, 1, '006TSN', 'Producto 57', 120, 5);
INSERT INTO pro_Producto (pro_Id, pro_FechaCreacion, pro_FechaActualizacion, pro_Activo, pro_Codigo, pro_Nombre, pro_CantidadInventario, pro_CantidadReposicion) VALUES (58, @fechaCreacion, @fechaCreacion, 1, '006TT', 'Producto 58', 120, 5);
INSERT INTO pro_Producto (pro_Id, pro_FechaCreacion, pro_FechaActualizacion, pro_Activo, pro_Codigo, pro_Nombre, pro_CantidadInventario, pro_CantidadReposicion) VALUES (59, @fechaCreacion, @fechaCreacion, 1, '006X10BC', 'Producto 59', 120, 5);
INSERT INTO pro_Producto (pro_Id, pro_FechaCreacion, pro_FechaActualizacion, pro_Activo, pro_Codigo, pro_Nombre, pro_CantidadInventario, pro_CantidadReposicion) VALUES (60, @fechaCreacion, @fechaCreacion, 1, '006X10E', 'Producto 60', 120, 5);
INSERT INTO pro_Producto (pro_Id, pro_FechaCreacion, pro_FechaActualizacion, pro_Activo, pro_Codigo, pro_Nombre, pro_CantidadInventario, pro_CantidadReposicion) VALUES (61, @fechaCreacion, @fechaCreacion, 1, '006X10P', 'Producto 61', 120, 5);
INSERT INTO pro_Producto (pro_Id, pro_FechaCreacion, pro_FechaActualizacion, pro_Activo, pro_Codigo, pro_Nombre, pro_CantidadInventario, pro_CantidadReposicion) VALUES (62, @fechaCreacion, @fechaCreacion, 1, '006X16BC', 'Producto 62', 120, 5);
INSERT INTO pro_Producto (pro_Id, pro_FechaCreacion, pro_FechaActualizacion, pro_Activo, pro_Codigo, pro_Nombre, pro_CantidadInventario, pro_CantidadReposicion) VALUES (63, @fechaCreacion, @fechaCreacion, 1, '006X16E', 'Producto 63', 120, 5);
INSERT INTO pro_Producto (pro_Id, pro_FechaCreacion, pro_FechaActualizacion, pro_Activo, pro_Codigo, pro_Nombre, pro_CantidadInventario, pro_CantidadReposicion) VALUES (64, @fechaCreacion, @fechaCreacion, 1, '006X16P', 'Producto 64', 120, 5);
INSERT INTO pro_Producto (pro_Id, pro_FechaCreacion, pro_FechaActualizacion, pro_Activo, pro_Codigo, pro_Nombre, pro_CantidadInventario, pro_CantidadReposicion) VALUES (65, @fechaCreacion, @fechaCreacion, 1, '006X20BC', 'Producto 65', 120, 5);
INSERT INTO pro_Producto (pro_Id, pro_FechaCreacion, pro_FechaActualizacion, pro_Activo, pro_Codigo, pro_Nombre, pro_CantidadInventario, pro_CantidadReposicion) VALUES (66, @fechaCreacion, @fechaCreacion, 1, '006X20E', 'Producto 66', 120, 5);
INSERT INTO pro_Producto (pro_Id, pro_FechaCreacion, pro_FechaActualizacion, pro_Activo, pro_Codigo, pro_Nombre, pro_CantidadInventario, pro_CantidadReposicion) VALUES (67, @fechaCreacion, @fechaCreacion, 1, '006X20P', 'Producto 67', 120, 5);
INSERT INTO pro_Producto (pro_Id, pro_FechaCreacion, pro_FechaActualizacion, pro_Activo, pro_Codigo, pro_Nombre, pro_CantidadInventario, pro_CantidadReposicion) VALUES (68, @fechaCreacion, @fechaCreacion, 1, '006X25BC', 'Producto 68', 120, 5);
INSERT INTO pro_Producto (pro_Id, pro_FechaCreacion, pro_FechaActualizacion, pro_Activo, pro_Codigo, pro_Nombre, pro_CantidadInventario, pro_CantidadReposicion) VALUES (69, @fechaCreacion, @fechaCreacion, 1, '006X25E', 'Producto 69', 120, 5);
INSERT INTO pro_Producto (pro_Id, pro_FechaCreacion, pro_FechaActualizacion, pro_Activo, pro_Codigo, pro_Nombre, pro_CantidadInventario, pro_CantidadReposicion) VALUES (70, @fechaCreacion, @fechaCreacion, 1, '006X25P', 'Producto 70', 120, 5);
INSERT INTO pro_Producto (pro_Id, pro_FechaCreacion, pro_FechaActualizacion, pro_Activo, pro_Codigo, pro_Nombre, pro_CantidadInventario, pro_CantidadReposicion) VALUES (71, @fechaCreacion, @fechaCreacion, 1, '006X30BC', 'Producto 71', 120, 5);
INSERT INTO pro_Producto (pro_Id, pro_FechaCreacion, pro_FechaActualizacion, pro_Activo, pro_Codigo, pro_Nombre, pro_CantidadInventario, pro_CantidadReposicion) VALUES (72, @fechaCreacion, @fechaCreacion, 1, '006X30E', 'Producto 72', 120, 5);
INSERT INTO pro_Producto (pro_Id, pro_FechaCreacion, pro_FechaActualizacion, pro_Activo, pro_Codigo, pro_Nombre, pro_CantidadInventario, pro_CantidadReposicion) VALUES (73, @fechaCreacion, @fechaCreacion, 1, '006X30P', 'Producto 73', 120, 5);
INSERT INTO pro_Producto (pro_Id, pro_FechaCreacion, pro_FechaActualizacion, pro_Activo, pro_Codigo, pro_Nombre, pro_CantidadInventario, pro_CantidadReposicion) VALUES (74, @fechaCreacion, @fechaCreacion, 1, '006X35BC', 'Producto 74', 120, 5);
INSERT INTO pro_Producto (pro_Id, pro_FechaCreacion, pro_FechaActualizacion, pro_Activo, pro_Codigo, pro_Nombre, pro_CantidadInventario, pro_CantidadReposicion) VALUES (75, @fechaCreacion, @fechaCreacion, 1, '006X35E', 'Producto 75', 120, 5);
INSERT INTO pro_Producto (pro_Id, pro_FechaCreacion, pro_FechaActualizacion, pro_Activo, pro_Codigo, pro_Nombre, pro_CantidadInventario, pro_CantidadReposicion) VALUES (76, @fechaCreacion, @fechaCreacion, 1, '006X35P', 'Producto 76', 120, 5);
INSERT INTO pro_Producto (pro_Id, pro_FechaCreacion, pro_FechaActualizacion, pro_Activo, pro_Codigo, pro_Nombre, pro_CantidadInventario, pro_CantidadReposicion) VALUES (77, @fechaCreacion, @fechaCreacion, 1, '006X40BC', 'Producto 77', 120, 5);
INSERT INTO pro_Producto (pro_Id, pro_FechaCreacion, pro_FechaActualizacion, pro_Activo, pro_Codigo, pro_Nombre, pro_CantidadInventario, pro_CantidadReposicion) VALUES (78, @fechaCreacion, @fechaCreacion, 1, '006X40E', 'Producto 78', 120, 5);
INSERT INTO pro_Producto (pro_Id, pro_FechaCreacion, pro_FechaActualizacion, pro_Activo, pro_Codigo, pro_Nombre, pro_CantidadInventario, pro_CantidadReposicion) VALUES (79, @fechaCreacion, @fechaCreacion, 1, '006X40P', 'Producto 79', 120, 5);
INSERT INTO pro_Producto (pro_Id, pro_FechaCreacion, pro_FechaActualizacion, pro_Activo, pro_Codigo, pro_Nombre, pro_CantidadInventario, pro_CantidadReposicion) VALUES (80, @fechaCreacion, @fechaCreacion, 1, '006X45BC', 'Producto 80', 120, 5);
INSERT INTO pro_Producto (pro_Id, pro_FechaCreacion, pro_FechaActualizacion, pro_Activo, pro_Codigo, pro_Nombre, pro_CantidadInventario, pro_CantidadReposicion) VALUES (81, @fechaCreacion, @fechaCreacion, 1, '006X45E', 'Producto 81', 120, 5);
INSERT INTO pro_Producto (pro_Id, pro_FechaCreacion, pro_FechaActualizacion, pro_Activo, pro_Codigo, pro_Nombre, pro_CantidadInventario, pro_CantidadReposicion) VALUES (82, @fechaCreacion, @fechaCreacion, 1, '006X45P', 'Producto 82', 120, 5);
INSERT INTO pro_Producto (pro_Id, pro_FechaCreacion, pro_FechaActualizacion, pro_Activo, pro_Codigo, pro_Nombre, pro_CantidadInventario, pro_CantidadReposicion) VALUES (83, @fechaCreacion, @fechaCreacion, 1, '006X50BC', 'Producto 83', 120, 5);
INSERT INTO pro_Producto (pro_Id, pro_FechaCreacion, pro_FechaActualizacion, pro_Activo, pro_Codigo, pro_Nombre, pro_CantidadInventario, pro_CantidadReposicion) VALUES (84, @fechaCreacion, @fechaCreacion, 1, '006X50E', 'Producto 84', 120, 5);
INSERT INTO pro_Producto (pro_Id, pro_FechaCreacion, pro_FechaActualizacion, pro_Activo, pro_Codigo, pro_Nombre, pro_CantidadInventario, pro_CantidadReposicion) VALUES (85, @fechaCreacion, @fechaCreacion, 1, '006X50P', 'Producto 85', 120, 5);
INSERT INTO pro_Producto (pro_Id, pro_FechaCreacion, pro_FechaActualizacion, pro_Activo, pro_Codigo, pro_Nombre, pro_CantidadInventario, pro_CantidadReposicion) VALUES (86, @fechaCreacion, @fechaCreacion, 1, '006X55BC', 'Producto 86', 120, 5);
INSERT INTO pro_Producto (pro_Id, pro_FechaCreacion, pro_FechaActualizacion, pro_Activo, pro_Codigo, pro_Nombre, pro_CantidadInventario, pro_CantidadReposicion) VALUES (87, @fechaCreacion, @fechaCreacion, 1, '006X60BC', 'Producto 87', 120, 5);
INSERT INTO pro_Producto (pro_Id, pro_FechaCreacion, pro_FechaActualizacion, pro_Activo, pro_Codigo, pro_Nombre, pro_CantidadInventario, pro_CantidadReposicion) VALUES (88, @fechaCreacion, @fechaCreacion, 1, '006X60E', 'Producto 88', 120, 5);
INSERT INTO pro_Producto (pro_Id, pro_FechaCreacion, pro_FechaActualizacion, pro_Activo, pro_Codigo, pro_Nombre, pro_CantidadInventario, pro_CantidadReposicion) VALUES (89, @fechaCreacion, @fechaCreacion, 1, '006X60P', 'Producto 89', 120, 5);
INSERT INTO pro_Producto (pro_Id, pro_FechaCreacion, pro_FechaActualizacion, pro_Activo, pro_Codigo, pro_Nombre, pro_CantidadInventario, pro_CantidadReposicion) VALUES (90, @fechaCreacion, @fechaCreacion, 1, '006X65BC', 'Producto 90', 120, 5);
INSERT INTO pro_Producto (pro_Id, pro_FechaCreacion, pro_FechaActualizacion, pro_Activo, pro_Codigo, pro_Nombre, pro_CantidadInventario, pro_CantidadReposicion) VALUES (91, @fechaCreacion, @fechaCreacion, 1, '006X70BC', 'Producto 91', 120, 5);
INSERT INTO pro_Producto (pro_Id, pro_FechaCreacion, pro_FechaActualizacion, pro_Activo, pro_Codigo, pro_Nombre, pro_CantidadInventario, pro_CantidadReposicion) VALUES (92, @fechaCreacion, @fechaCreacion, 1, '006X70E', 'Producto 92', 120, 5);
INSERT INTO pro_Producto (pro_Id, pro_FechaCreacion, pro_FechaActualizacion, pro_Activo, pro_Codigo, pro_Nombre, pro_CantidadInventario, pro_CantidadReposicion) VALUES (93, @fechaCreacion, @fechaCreacion, 1, '006X75BC', 'Producto 93', 120, 5);
INSERT INTO pro_Producto (pro_Id, pro_FechaCreacion, pro_FechaActualizacion, pro_Activo, pro_Codigo, pro_Nombre, pro_CantidadInventario, pro_CantidadReposicion) VALUES (94, @fechaCreacion, @fechaCreacion, 1, '008TS', 'Producto 94', 120, 5);
INSERT INTO pro_Producto (pro_Id, pro_FechaCreacion, pro_FechaActualizacion, pro_Activo, pro_Codigo, pro_Nombre, pro_CantidadInventario, pro_CantidadReposicion) VALUES (95, @fechaCreacion, @fechaCreacion, 1, '008TSN', 'Producto 95', 120, 5);
INSERT INTO pro_Producto (pro_Id, pro_FechaCreacion, pro_FechaActualizacion, pro_Activo, pro_Codigo, pro_Nombre, pro_CantidadInventario, pro_CantidadReposicion) VALUES (96, @fechaCreacion, @fechaCreacion, 1, '008TT', 'Producto 96', 120, 5);
INSERT INTO pro_Producto (pro_Id, pro_FechaCreacion, pro_FechaActualizacion, pro_Activo, pro_Codigo, pro_Nombre, pro_CantidadInventario, pro_CantidadReposicion) VALUES (97, @fechaCreacion, @fechaCreacion, 1, '008X16B', 'Producto 97', 120, 5);
INSERT INTO pro_Producto (pro_Id, pro_FechaCreacion, pro_FechaActualizacion, pro_Activo, pro_Codigo, pro_Nombre, pro_CantidadInventario, pro_CantidadReposicion) VALUES (98, @fechaCreacion, @fechaCreacion, 1, '008X16P', 'Producto 98', 120, 5);
INSERT INTO pro_Producto (pro_Id, pro_FechaCreacion, pro_FechaActualizacion, pro_Activo, pro_Codigo, pro_Nombre, pro_CantidadInventario, pro_CantidadReposicion) VALUES (99, @fechaCreacion, @fechaCreacion, 1, '008X20B', 'Producto 99', 120, 5);
INSERT INTO pro_Producto (pro_Id, pro_FechaCreacion, pro_FechaActualizacion, pro_Activo, pro_Codigo, pro_Nombre, pro_CantidadInventario, pro_CantidadReposicion) VALUES (100, @fechaCreacion, @fechaCreacion, 1, '008X20P', 'Producto 100', 120, 5);

SET IDENTITY_INSERT pro_Producto OFF

--Se insertan precios productos

SET IDENTITY_INSERT ppr_PrecioProducto ON

INSERT INTO ppr_PrecioProducto (ppr_Id, ppr_FechaCreacion, ppr_FechaActualizacion, ppr_Activo, pro_Id, ppr_FechaInicioVigencia, ppr_PrecioUnitario) VALUES (1, @fechaCreacion, @fechaCreacion, 1,1, @fechaCreacion, 124);
INSERT INTO ppr_PrecioProducto (ppr_Id, ppr_FechaCreacion, ppr_FechaActualizacion, ppr_Activo, pro_Id, ppr_FechaInicioVigencia, ppr_PrecioUnitario) VALUES (2, @fechaCreacion, @fechaCreacion, 1,2, @fechaCreacion, 90);
INSERT INTO ppr_PrecioProducto (ppr_Id, ppr_FechaCreacion, ppr_FechaActualizacion, ppr_Activo, pro_Id, ppr_FechaInicioVigencia, ppr_PrecioUnitario) VALUES (3, @fechaCreacion, @fechaCreacion, 1,3, @fechaCreacion, 388);
INSERT INTO ppr_PrecioProducto (ppr_Id, ppr_FechaCreacion, ppr_FechaActualizacion, ppr_Activo, pro_Id, ppr_FechaInicioVigencia, ppr_PrecioUnitario) VALUES (4, @fechaCreacion, @fechaCreacion, 1,4, @fechaCreacion, 1011);
INSERT INTO ppr_PrecioProducto (ppr_Id, ppr_FechaCreacion, ppr_FechaActualizacion, ppr_Activo, pro_Id, ppr_FechaInicioVigencia, ppr_PrecioUnitario) VALUES (5, @fechaCreacion, @fechaCreacion, 1,5, @fechaCreacion, 3493);
INSERT INTO ppr_PrecioProducto (ppr_Id, ppr_FechaCreacion, ppr_FechaActualizacion, ppr_Activo, pro_Id, ppr_FechaInicioVigencia, ppr_PrecioUnitario) VALUES (6, @fechaCreacion, @fechaCreacion, 1,6, @fechaCreacion, 230);
INSERT INTO ppr_PrecioProducto (ppr_Id, ppr_FechaCreacion, ppr_FechaActualizacion, ppr_Activo, pro_Id, ppr_FechaInicioVigencia, ppr_PrecioUnitario) VALUES (7, @fechaCreacion, @fechaCreacion, 1,7, @fechaCreacion, 826);
INSERT INTO ppr_PrecioProducto (ppr_Id, ppr_FechaCreacion, ppr_FechaActualizacion, ppr_Activo, pro_Id, ppr_FechaInicioVigencia, ppr_PrecioUnitario) VALUES (8, @fechaCreacion, @fechaCreacion, 1,8, @fechaCreacion, 215);
INSERT INTO ppr_PrecioProducto (ppr_Id, ppr_FechaCreacion, ppr_FechaActualizacion, ppr_Activo, pro_Id, ppr_FechaInicioVigencia, ppr_PrecioUnitario) VALUES (9, @fechaCreacion, @fechaCreacion, 1,9, @fechaCreacion, 3971);
INSERT INTO ppr_PrecioProducto (ppr_Id, ppr_FechaCreacion, ppr_FechaActualizacion, ppr_Activo, pro_Id, ppr_FechaInicioVigencia, ppr_PrecioUnitario) VALUES (10, @fechaCreacion, @fechaCreacion, 1,10, @fechaCreacion, 448);
INSERT INTO ppr_PrecioProducto (ppr_Id, ppr_FechaCreacion, ppr_FechaActualizacion, ppr_Activo, pro_Id, ppr_FechaInicioVigencia, ppr_PrecioUnitario) VALUES (11, @fechaCreacion, @fechaCreacion, 1,11, @fechaCreacion, 2358);
INSERT INTO ppr_PrecioProducto (ppr_Id, ppr_FechaCreacion, ppr_FechaActualizacion, ppr_Activo, pro_Id, ppr_FechaInicioVigencia, ppr_PrecioUnitario) VALUES (12, @fechaCreacion, @fechaCreacion, 1,12, @fechaCreacion, 1072);
INSERT INTO ppr_PrecioProducto (ppr_Id, ppr_FechaCreacion, ppr_FechaActualizacion, ppr_Activo, pro_Id, ppr_FechaInicioVigencia, ppr_PrecioUnitario) VALUES (13, @fechaCreacion, @fechaCreacion, 1,13, @fechaCreacion, 85);
INSERT INTO ppr_PrecioProducto (ppr_Id, ppr_FechaCreacion, ppr_FechaActualizacion, ppr_Activo, pro_Id, ppr_FechaInicioVigencia, ppr_PrecioUnitario) VALUES (14, @fechaCreacion, @fechaCreacion, 1,14, @fechaCreacion, 90);
INSERT INTO ppr_PrecioProducto (ppr_Id, ppr_FechaCreacion, ppr_FechaActualizacion, ppr_Activo, pro_Id, ppr_FechaInicioVigencia, ppr_PrecioUnitario) VALUES (15, @fechaCreacion, @fechaCreacion, 1,15, @fechaCreacion, 37);
INSERT INTO ppr_PrecioProducto (ppr_Id, ppr_FechaCreacion, ppr_FechaActualizacion, ppr_Activo, pro_Id, ppr_FechaInicioVigencia, ppr_PrecioUnitario) VALUES (16, @fechaCreacion, @fechaCreacion, 1,16, @fechaCreacion, 4000);
INSERT INTO ppr_PrecioProducto (ppr_Id, ppr_FechaCreacion, ppr_FechaActualizacion, ppr_Activo, pro_Id, ppr_FechaInicioVigencia, ppr_PrecioUnitario) VALUES (17, @fechaCreacion, @fechaCreacion, 1,17, @fechaCreacion, 4000);
INSERT INTO ppr_PrecioProducto (ppr_Id, ppr_FechaCreacion, ppr_FechaActualizacion, ppr_Activo, pro_Id, ppr_FechaInicioVigencia, ppr_PrecioUnitario) VALUES (18, @fechaCreacion, @fechaCreacion, 1,18, @fechaCreacion, 7000);
INSERT INTO ppr_PrecioProducto (ppr_Id, ppr_FechaCreacion, ppr_FechaActualizacion, ppr_Activo, pro_Id, ppr_FechaInicioVigencia, ppr_PrecioUnitario) VALUES (19, @fechaCreacion, @fechaCreacion, 1,19, @fechaCreacion, 4385);
INSERT INTO ppr_PrecioProducto (ppr_Id, ppr_FechaCreacion, ppr_FechaActualizacion, ppr_Activo, pro_Id, ppr_FechaInicioVigencia, ppr_PrecioUnitario) VALUES (20, @fechaCreacion, @fechaCreacion, 1,20, @fechaCreacion, 4385);
INSERT INTO ppr_PrecioProducto (ppr_Id, ppr_FechaCreacion, ppr_FechaActualizacion, ppr_Activo, pro_Id, ppr_FechaInicioVigencia, ppr_PrecioUnitario) VALUES (21, @fechaCreacion, @fechaCreacion, 1,21, @fechaCreacion, 4385);
INSERT INTO ppr_PrecioProducto (ppr_Id, ppr_FechaCreacion, ppr_FechaActualizacion, ppr_Activo, pro_Id, ppr_FechaInicioVigencia, ppr_PrecioUnitario) VALUES (22, @fechaCreacion, @fechaCreacion, 1,22, @fechaCreacion, 4385);
INSERT INTO ppr_PrecioProducto (ppr_Id, ppr_FechaCreacion, ppr_FechaActualizacion, ppr_Activo, pro_Id, ppr_FechaInicioVigencia, ppr_PrecioUnitario) VALUES (23, @fechaCreacion, @fechaCreacion, 1,23, @fechaCreacion, 4385);
INSERT INTO ppr_PrecioProducto (ppr_Id, ppr_FechaCreacion, ppr_FechaActualizacion, ppr_Activo, pro_Id, ppr_FechaInicioVigencia, ppr_PrecioUnitario) VALUES (24, @fechaCreacion, @fechaCreacion, 1,24, @fechaCreacion, 4385);
INSERT INTO ppr_PrecioProducto (ppr_Id, ppr_FechaCreacion, ppr_FechaActualizacion, ppr_Activo, pro_Id, ppr_FechaInicioVigencia, ppr_PrecioUnitario) VALUES (25, @fechaCreacion, @fechaCreacion, 1,25, @fechaCreacion, 4385);
INSERT INTO ppr_PrecioProducto (ppr_Id, ppr_FechaCreacion, ppr_FechaActualizacion, ppr_Activo, pro_Id, ppr_FechaInicioVigencia, ppr_PrecioUnitario) VALUES (26, @fechaCreacion, @fechaCreacion, 1,26, @fechaCreacion, 135);
INSERT INTO ppr_PrecioProducto (ppr_Id, ppr_FechaCreacion, ppr_FechaActualizacion, ppr_Activo, pro_Id, ppr_FechaInicioVigencia, ppr_PrecioUnitario) VALUES (27, @fechaCreacion, @fechaCreacion, 1,27, @fechaCreacion, 65);
INSERT INTO ppr_PrecioProducto (ppr_Id, ppr_FechaCreacion, ppr_FechaActualizacion, ppr_Activo, pro_Id, ppr_FechaInicioVigencia, ppr_PrecioUnitario) VALUES (28, @fechaCreacion, @fechaCreacion, 1,28, @fechaCreacion, 84);
INSERT INTO ppr_PrecioProducto (ppr_Id, ppr_FechaCreacion, ppr_FechaActualizacion, ppr_Activo, pro_Id, ppr_FechaInicioVigencia, ppr_PrecioUnitario) VALUES (29, @fechaCreacion, @fechaCreacion, 1,29, @fechaCreacion, 80);
INSERT INTO ppr_PrecioProducto (ppr_Id, ppr_FechaCreacion, ppr_FechaActualizacion, ppr_Activo, pro_Id, ppr_FechaInicioVigencia, ppr_PrecioUnitario) VALUES (30, @fechaCreacion, @fechaCreacion, 1,30, @fechaCreacion, 85);
INSERT INTO ppr_PrecioProducto (ppr_Id, ppr_FechaCreacion, ppr_FechaActualizacion, ppr_Activo, pro_Id, ppr_FechaInicioVigencia, ppr_PrecioUnitario) VALUES (31, @fechaCreacion, @fechaCreacion, 1,31, @fechaCreacion, 105);
INSERT INTO ppr_PrecioProducto (ppr_Id, ppr_FechaCreacion, ppr_FechaActualizacion, ppr_Activo, pro_Id, ppr_FechaInicioVigencia, ppr_PrecioUnitario) VALUES (32, @fechaCreacion, @fechaCreacion, 1,32, @fechaCreacion, 120);
INSERT INTO ppr_PrecioProducto (ppr_Id, ppr_FechaCreacion, ppr_FechaActualizacion, ppr_Activo, pro_Id, ppr_FechaInicioVigencia, ppr_PrecioUnitario) VALUES (33, @fechaCreacion, @fechaCreacion, 1,33, @fechaCreacion, 122);
INSERT INTO ppr_PrecioProducto (ppr_Id, ppr_FechaCreacion, ppr_FechaActualizacion, ppr_Activo, pro_Id, ppr_FechaInicioVigencia, ppr_PrecioUnitario) VALUES (34, @fechaCreacion, @fechaCreacion, 1,34, @fechaCreacion, 60);
INSERT INTO ppr_PrecioProducto (ppr_Id, ppr_FechaCreacion, ppr_FechaActualizacion, ppr_Activo, pro_Id, ppr_FechaInicioVigencia, ppr_PrecioUnitario) VALUES (35, @fechaCreacion, @fechaCreacion, 1,35, @fechaCreacion, 73);
INSERT INTO ppr_PrecioProducto (ppr_Id, ppr_FechaCreacion, ppr_FechaActualizacion, ppr_Activo, pro_Id, ppr_FechaInicioVigencia, ppr_PrecioUnitario) VALUES (36, @fechaCreacion, @fechaCreacion, 1,36, @fechaCreacion, 80);
INSERT INTO ppr_PrecioProducto (ppr_Id, ppr_FechaCreacion, ppr_FechaActualizacion, ppr_Activo, pro_Id, ppr_FechaInicioVigencia, ppr_PrecioUnitario) VALUES (37, @fechaCreacion, @fechaCreacion, 1,37, @fechaCreacion, 85);
INSERT INTO ppr_PrecioProducto (ppr_Id, ppr_FechaCreacion, ppr_FechaActualizacion, ppr_Activo, pro_Id, ppr_FechaInicioVigencia, ppr_PrecioUnitario) VALUES (38, @fechaCreacion, @fechaCreacion, 1,38, @fechaCreacion, 130);
INSERT INTO ppr_PrecioProducto (ppr_Id, ppr_FechaCreacion, ppr_FechaActualizacion, ppr_Activo, pro_Id, ppr_FechaInicioVigencia, ppr_PrecioUnitario) VALUES (39, @fechaCreacion, @fechaCreacion, 1,39, @fechaCreacion, 140);
INSERT INTO ppr_PrecioProducto (ppr_Id, ppr_FechaCreacion, ppr_FechaActualizacion, ppr_Activo, pro_Id, ppr_FechaInicioVigencia, ppr_PrecioUnitario) VALUES (40, @fechaCreacion, @fechaCreacion, 1,40, @fechaCreacion, 100);
INSERT INTO ppr_PrecioProducto (ppr_Id, ppr_FechaCreacion, ppr_FechaActualizacion, ppr_Activo, pro_Id, ppr_FechaInicioVigencia, ppr_PrecioUnitario) VALUES (41, @fechaCreacion, @fechaCreacion, 1,41, @fechaCreacion, 135);
INSERT INTO ppr_PrecioProducto (ppr_Id, ppr_FechaCreacion, ppr_FechaActualizacion, ppr_Activo, pro_Id, ppr_FechaInicioVigencia, ppr_PrecioUnitario) VALUES (42, @fechaCreacion, @fechaCreacion, 1,42, @fechaCreacion, 145);
INSERT INTO ppr_PrecioProducto (ppr_Id, ppr_FechaCreacion, ppr_FechaActualizacion, ppr_Activo, pro_Id, ppr_FechaInicioVigencia, ppr_PrecioUnitario) VALUES (43, @fechaCreacion, @fechaCreacion, 1,43, @fechaCreacion, 115);
INSERT INTO ppr_PrecioProducto (ppr_Id, ppr_FechaCreacion, ppr_FechaActualizacion, ppr_Activo, pro_Id, ppr_FechaInicioVigencia, ppr_PrecioUnitario) VALUES (44, @fechaCreacion, @fechaCreacion, 1,44, @fechaCreacion, 145);
INSERT INTO ppr_PrecioProducto (ppr_Id, ppr_FechaCreacion, ppr_FechaActualizacion, ppr_Activo, pro_Id, ppr_FechaInicioVigencia, ppr_PrecioUnitario) VALUES (45, @fechaCreacion, @fechaCreacion, 1,45, @fechaCreacion, 160);
INSERT INTO ppr_PrecioProducto (ppr_Id, ppr_FechaCreacion, ppr_FechaActualizacion, ppr_Activo, pro_Id, ppr_FechaInicioVigencia, ppr_PrecioUnitario) VALUES (46, @fechaCreacion, @fechaCreacion, 1,46, @fechaCreacion, 120);
INSERT INTO ppr_PrecioProducto (ppr_Id, ppr_FechaCreacion, ppr_FechaActualizacion, ppr_Activo, pro_Id, ppr_FechaInicioVigencia, ppr_PrecioUnitario) VALUES (47, @fechaCreacion, @fechaCreacion, 1,47, @fechaCreacion, 165);
INSERT INTO ppr_PrecioProducto (ppr_Id, ppr_FechaCreacion, ppr_FechaActualizacion, ppr_Activo, pro_Id, ppr_FechaInicioVigencia, ppr_PrecioUnitario) VALUES (48, @fechaCreacion, @fechaCreacion, 1,48, @fechaCreacion, 210);
INSERT INTO ppr_PrecioProducto (ppr_Id, ppr_FechaCreacion, ppr_FechaActualizacion, ppr_Activo, pro_Id, ppr_FechaInicioVigencia, ppr_PrecioUnitario) VALUES (49, @fechaCreacion, @fechaCreacion, 1,49, @fechaCreacion, 125);
INSERT INTO ppr_PrecioProducto (ppr_Id, ppr_FechaCreacion, ppr_FechaActualizacion, ppr_Activo, pro_Id, ppr_FechaInicioVigencia, ppr_PrecioUnitario) VALUES (50, @fechaCreacion, @fechaCreacion, 1,50, @fechaCreacion, 260);
INSERT INTO ppr_PrecioProducto (ppr_Id, ppr_FechaCreacion, ppr_FechaActualizacion, ppr_Activo, pro_Id, ppr_FechaInicioVigencia, ppr_PrecioUnitario) VALUES (51, @fechaCreacion, @fechaCreacion, 1,51, @fechaCreacion, 160);
INSERT INTO ppr_PrecioProducto (ppr_Id, ppr_FechaCreacion, ppr_FechaActualizacion, ppr_Activo, pro_Id, ppr_FechaInicioVigencia, ppr_PrecioUnitario) VALUES (52, @fechaCreacion, @fechaCreacion, 1,52, @fechaCreacion, 275);
INSERT INTO ppr_PrecioProducto (ppr_Id, ppr_FechaCreacion, ppr_FechaActualizacion, ppr_Activo, pro_Id, ppr_FechaInicioVigencia, ppr_PrecioUnitario) VALUES (53, @fechaCreacion, @fechaCreacion, 1,53, @fechaCreacion, 165);
INSERT INTO ppr_PrecioProducto (ppr_Id, ppr_FechaCreacion, ppr_FechaActualizacion, ppr_Activo, pro_Id, ppr_FechaInicioVigencia, ppr_PrecioUnitario) VALUES (54, @fechaCreacion, @fechaCreacion, 1,54, @fechaCreacion, 280);
INSERT INTO ppr_PrecioProducto (ppr_Id, ppr_FechaCreacion, ppr_FechaActualizacion, ppr_Activo, pro_Id, ppr_FechaInicioVigencia, ppr_PrecioUnitario) VALUES (55, @fechaCreacion, @fechaCreacion, 1,55, @fechaCreacion, 170);
INSERT INTO ppr_PrecioProducto (ppr_Id, ppr_FechaCreacion, ppr_FechaActualizacion, ppr_Activo, pro_Id, ppr_FechaInicioVigencia, ppr_PrecioUnitario) VALUES (56, @fechaCreacion, @fechaCreacion, 1,56, @fechaCreacion, 133);
INSERT INTO ppr_PrecioProducto (ppr_Id, ppr_FechaCreacion, ppr_FechaActualizacion, ppr_Activo, pro_Id, ppr_FechaInicioVigencia, ppr_PrecioUnitario) VALUES (57, @fechaCreacion, @fechaCreacion, 1,57, @fechaCreacion, 70);
INSERT INTO ppr_PrecioProducto (ppr_Id, ppr_FechaCreacion, ppr_FechaActualizacion, ppr_Activo, pro_Id, ppr_FechaInicioVigencia, ppr_PrecioUnitario) VALUES (58, @fechaCreacion, @fechaCreacion, 1,58, @fechaCreacion, 114);
INSERT INTO ppr_PrecioProducto (ppr_Id, ppr_FechaCreacion, ppr_FechaActualizacion, ppr_Activo, pro_Id, ppr_FechaInicioVigencia, ppr_PrecioUnitario) VALUES (59, @fechaCreacion, @fechaCreacion, 1,59, @fechaCreacion, 130);
INSERT INTO ppr_PrecioProducto (ppr_Id, ppr_FechaCreacion, ppr_FechaActualizacion, ppr_Activo, pro_Id, ppr_FechaInicioVigencia, ppr_PrecioUnitario) VALUES (60, @fechaCreacion, @fechaCreacion, 1,60, @fechaCreacion, 100);
INSERT INTO ppr_PrecioProducto (ppr_Id, ppr_FechaCreacion, ppr_FechaActualizacion, ppr_Activo, pro_Id, ppr_FechaInicioVigencia, ppr_PrecioUnitario) VALUES (61, @fechaCreacion, @fechaCreacion, 1,61, @fechaCreacion, 130);
INSERT INTO ppr_PrecioProducto (ppr_Id, ppr_FechaCreacion, ppr_FechaActualizacion, ppr_Activo, pro_Id, ppr_FechaInicioVigencia, ppr_PrecioUnitario) VALUES (62, @fechaCreacion, @fechaCreacion, 1,62, @fechaCreacion, 135);
INSERT INTO ppr_PrecioProducto (ppr_Id, ppr_FechaCreacion, ppr_FechaActualizacion, ppr_Activo, pro_Id, ppr_FechaInicioVigencia, ppr_PrecioUnitario) VALUES (63, @fechaCreacion, @fechaCreacion, 1,63, @fechaCreacion, 120);
INSERT INTO ppr_PrecioProducto (ppr_Id, ppr_FechaCreacion, ppr_FechaActualizacion, ppr_Activo, pro_Id, ppr_FechaInicioVigencia, ppr_PrecioUnitario) VALUES (64, @fechaCreacion, @fechaCreacion, 1,64, @fechaCreacion, 120);
INSERT INTO ppr_PrecioProducto (ppr_Id, ppr_FechaCreacion, ppr_FechaActualizacion, ppr_Activo, pro_Id, ppr_FechaInicioVigencia, ppr_PrecioUnitario) VALUES (65, @fechaCreacion, @fechaCreacion, 1,65, @fechaCreacion, 160);
INSERT INTO ppr_PrecioProducto (ppr_Id, ppr_FechaCreacion, ppr_FechaActualizacion, ppr_Activo, pro_Id, ppr_FechaInicioVigencia, ppr_PrecioUnitario) VALUES (66, @fechaCreacion, @fechaCreacion, 1,66, @fechaCreacion, 125);
INSERT INTO ppr_PrecioProducto (ppr_Id, ppr_FechaCreacion, ppr_FechaActualizacion, ppr_Activo, pro_Id, ppr_FechaInicioVigencia, ppr_PrecioUnitario) VALUES (67, @fechaCreacion, @fechaCreacion, 1,67, @fechaCreacion, 145);
INSERT INTO ppr_PrecioProducto (ppr_Id, ppr_FechaCreacion, ppr_FechaActualizacion, ppr_Activo, pro_Id, ppr_FechaInicioVigencia, ppr_PrecioUnitario) VALUES (68, @fechaCreacion, @fechaCreacion, 1,68, @fechaCreacion, 175);
INSERT INTO ppr_PrecioProducto (ppr_Id, ppr_FechaCreacion, ppr_FechaActualizacion, ppr_Activo, pro_Id, ppr_FechaInicioVigencia, ppr_PrecioUnitario) VALUES (69, @fechaCreacion, @fechaCreacion, 1,69, @fechaCreacion, 145);
INSERT INTO ppr_PrecioProducto (ppr_Id, ppr_FechaCreacion, ppr_FechaActualizacion, ppr_Activo, pro_Id, ppr_FechaInicioVigencia, ppr_PrecioUnitario) VALUES (70, @fechaCreacion, @fechaCreacion, 1,70, @fechaCreacion, 185);
INSERT INTO ppr_PrecioProducto (ppr_Id, ppr_FechaCreacion, ppr_FechaActualizacion, ppr_Activo, pro_Id, ppr_FechaInicioVigencia, ppr_PrecioUnitario) VALUES (71, @fechaCreacion, @fechaCreacion, 1,71, @fechaCreacion, 190);
INSERT INTO ppr_PrecioProducto (ppr_Id, ppr_FechaCreacion, ppr_FechaActualizacion, ppr_Activo, pro_Id, ppr_FechaInicioVigencia, ppr_PrecioUnitario) VALUES (72, @fechaCreacion, @fechaCreacion, 1,72, @fechaCreacion, 150);
INSERT INTO ppr_PrecioProducto (ppr_Id, ppr_FechaCreacion, ppr_FechaActualizacion, ppr_Activo, pro_Id, ppr_FechaInicioVigencia, ppr_PrecioUnitario) VALUES (73, @fechaCreacion, @fechaCreacion, 1,73, @fechaCreacion, 195);
INSERT INTO ppr_PrecioProducto (ppr_Id, ppr_FechaCreacion, ppr_FechaActualizacion, ppr_Activo, pro_Id, ppr_FechaInicioVigencia, ppr_PrecioUnitario) VALUES (74, @fechaCreacion, @fechaCreacion, 1,74, @fechaCreacion, 225);
INSERT INTO ppr_PrecioProducto (ppr_Id, ppr_FechaCreacion, ppr_FechaActualizacion, ppr_Activo, pro_Id, ppr_FechaInicioVigencia, ppr_PrecioUnitario) VALUES (75, @fechaCreacion, @fechaCreacion, 1,75, @fechaCreacion, 160);
INSERT INTO ppr_PrecioProducto (ppr_Id, ppr_FechaCreacion, ppr_FechaActualizacion, ppr_Activo, pro_Id, ppr_FechaInicioVigencia, ppr_PrecioUnitario) VALUES (76, @fechaCreacion, @fechaCreacion, 1,76, @fechaCreacion, 205);
INSERT INTO ppr_PrecioProducto (ppr_Id, ppr_FechaCreacion, ppr_FechaActualizacion, ppr_Activo, pro_Id, ppr_FechaInicioVigencia, ppr_PrecioUnitario) VALUES (77, @fechaCreacion, @fechaCreacion, 1,77, @fechaCreacion, 240);
INSERT INTO ppr_PrecioProducto (ppr_Id, ppr_FechaCreacion, ppr_FechaActualizacion, ppr_Activo, pro_Id, ppr_FechaInicioVigencia, ppr_PrecioUnitario) VALUES (78, @fechaCreacion, @fechaCreacion, 1,78, @fechaCreacion, 170);
INSERT INTO ppr_PrecioProducto (ppr_Id, ppr_FechaCreacion, ppr_FechaActualizacion, ppr_Activo, pro_Id, ppr_FechaInicioVigencia, ppr_PrecioUnitario) VALUES (79, @fechaCreacion, @fechaCreacion, 1,79, @fechaCreacion, 240);
INSERT INTO ppr_PrecioProducto (ppr_Id, ppr_FechaCreacion, ppr_FechaActualizacion, ppr_Activo, pro_Id, ppr_FechaInicioVigencia, ppr_PrecioUnitario) VALUES (80, @fechaCreacion, @fechaCreacion, 1,80, @fechaCreacion, 310);
INSERT INTO ppr_PrecioProducto (ppr_Id, ppr_FechaCreacion, ppr_FechaActualizacion, ppr_Activo, pro_Id, ppr_FechaInicioVigencia, ppr_PrecioUnitario) VALUES (81, @fechaCreacion, @fechaCreacion, 1,81, @fechaCreacion, 180);
INSERT INTO ppr_PrecioProducto (ppr_Id, ppr_FechaCreacion, ppr_FechaActualizacion, ppr_Activo, pro_Id, ppr_FechaInicioVigencia, ppr_PrecioUnitario) VALUES (82, @fechaCreacion, @fechaCreacion, 1,82, @fechaCreacion, 250);
INSERT INTO ppr_PrecioProducto (ppr_Id, ppr_FechaCreacion, ppr_FechaActualizacion, ppr_Activo, pro_Id, ppr_FechaInicioVigencia, ppr_PrecioUnitario) VALUES (83, @fechaCreacion, @fechaCreacion, 1,83, @fechaCreacion, 330);
INSERT INTO ppr_PrecioProducto (ppr_Id, ppr_FechaCreacion, ppr_FechaActualizacion, ppr_Activo, pro_Id, ppr_FechaInicioVigencia, ppr_PrecioUnitario) VALUES (84, @fechaCreacion, @fechaCreacion, 1,84, @fechaCreacion, 240);
INSERT INTO ppr_PrecioProducto (ppr_Id, ppr_FechaCreacion, ppr_FechaActualizacion, ppr_Activo, pro_Id, ppr_FechaInicioVigencia, ppr_PrecioUnitario) VALUES (85, @fechaCreacion, @fechaCreacion, 1,85, @fechaCreacion, 290);
INSERT INTO ppr_PrecioProducto (ppr_Id, ppr_FechaCreacion, ppr_FechaActualizacion, ppr_Activo, pro_Id, ppr_FechaInicioVigencia, ppr_PrecioUnitario) VALUES (86, @fechaCreacion, @fechaCreacion, 1,86, @fechaCreacion, 500);
INSERT INTO ppr_PrecioProducto (ppr_Id, ppr_FechaCreacion, ppr_FechaActualizacion, ppr_Activo, pro_Id, ppr_FechaInicioVigencia, ppr_PrecioUnitario) VALUES (87, @fechaCreacion, @fechaCreacion, 1,87, @fechaCreacion, 430);
INSERT INTO ppr_PrecioProducto (ppr_Id, ppr_FechaCreacion, ppr_FechaActualizacion, ppr_Activo, pro_Id, ppr_FechaInicioVigencia, ppr_PrecioUnitario) VALUES (88, @fechaCreacion, @fechaCreacion, 1,88, @fechaCreacion, 295);
INSERT INTO ppr_PrecioProducto (ppr_Id, ppr_FechaCreacion, ppr_FechaActualizacion, ppr_Activo, pro_Id, ppr_FechaInicioVigencia, ppr_PrecioUnitario) VALUES (89, @fechaCreacion, @fechaCreacion, 1,89, @fechaCreacion, 360);
INSERT INTO ppr_PrecioProducto (ppr_Id, ppr_FechaCreacion, ppr_FechaActualizacion, ppr_Activo, pro_Id, ppr_FechaInicioVigencia, ppr_PrecioUnitario) VALUES (90, @fechaCreacion, @fechaCreacion, 1,90, @fechaCreacion, 530);
INSERT INTO ppr_PrecioProducto (ppr_Id, ppr_FechaCreacion, ppr_FechaActualizacion, ppr_Activo, pro_Id, ppr_FechaInicioVigencia, ppr_PrecioUnitario) VALUES (91, @fechaCreacion, @fechaCreacion, 1,91, @fechaCreacion, 640);
INSERT INTO ppr_PrecioProducto (ppr_Id, ppr_FechaCreacion, ppr_FechaActualizacion, ppr_Activo, pro_Id, ppr_FechaInicioVigencia, ppr_PrecioUnitario) VALUES (92, @fechaCreacion, @fechaCreacion, 1,92, @fechaCreacion, 330);
INSERT INTO ppr_PrecioProducto (ppr_Id, ppr_FechaCreacion, ppr_FechaActualizacion, ppr_Activo, pro_Id, ppr_FechaInicioVigencia, ppr_PrecioUnitario) VALUES (93, @fechaCreacion, @fechaCreacion, 1,93, @fechaCreacion, 650);
INSERT INTO ppr_PrecioProducto (ppr_Id, ppr_FechaCreacion, ppr_FechaActualizacion, ppr_Activo, pro_Id, ppr_FechaInicioVigencia, ppr_PrecioUnitario) VALUES (94, @fechaCreacion, @fechaCreacion, 1,94, @fechaCreacion, 251);
INSERT INTO ppr_PrecioProducto (ppr_Id, ppr_FechaCreacion, ppr_FechaActualizacion, ppr_Activo, pro_Id, ppr_FechaInicioVigencia, ppr_PrecioUnitario) VALUES (95, @fechaCreacion, @fechaCreacion, 1,95, @fechaCreacion, 120);
INSERT INTO ppr_PrecioProducto (ppr_Id, ppr_FechaCreacion, ppr_FechaActualizacion, ppr_Activo, pro_Id, ppr_FechaInicioVigencia, ppr_PrecioUnitario) VALUES (96, @fechaCreacion, @fechaCreacion, 1,96, @fechaCreacion, 169);
INSERT INTO ppr_PrecioProducto (ppr_Id, ppr_FechaCreacion, ppr_FechaActualizacion, ppr_Activo, pro_Id, ppr_FechaInicioVigencia, ppr_PrecioUnitario) VALUES (97, @fechaCreacion, @fechaCreacion, 1,97, @fechaCreacion, 280);
INSERT INTO ppr_PrecioProducto (ppr_Id, ppr_FechaCreacion, ppr_FechaActualizacion, ppr_Activo, pro_Id, ppr_FechaInicioVigencia, ppr_PrecioUnitario) VALUES (98, @fechaCreacion, @fechaCreacion, 1,98, @fechaCreacion, 210);
INSERT INTO ppr_PrecioProducto (ppr_Id, ppr_FechaCreacion, ppr_FechaActualizacion, ppr_Activo, pro_Id, ppr_FechaInicioVigencia, ppr_PrecioUnitario) VALUES (99, @fechaCreacion, @fechaCreacion, 1,99, @fechaCreacion, 300);
INSERT INTO ppr_PrecioProducto (ppr_Id, ppr_FechaCreacion, ppr_FechaActualizacion, ppr_Activo, pro_Id, ppr_FechaInicioVigencia, ppr_PrecioUnitario) VALUES (100, @fechaCreacion, @fechaCreacion, 1,100, @fechaCreacion, 245);

SET IDENTITY_INSERT ppr_PrecioProducto OFF

DECLARE @FechaInicioVigencia DATE = '01/01/2010'
--Se ingresan los cambios de precios
INSERT INTO ppr_PrecioProducto (ppr_FechaCreacion, ppr_FechaActualizacion, ppr_Activo, pro_Id, ppr_FechaInicioVigencia, ppr_PrecioUnitario) VALUES (@fechaCreacion, @fechaCreacion, 1, 1, @FechaInicioVigencia, 214);
INSERT INTO ppr_PrecioProducto (ppr_FechaCreacion, ppr_FechaActualizacion, ppr_Activo, pro_Id, ppr_FechaInicioVigencia, ppr_PrecioUnitario) VALUES (@fechaCreacion, @fechaCreacion, 1, 2, @FechaInicioVigencia, 110);
INSERT INTO ppr_PrecioProducto (ppr_FechaCreacion, ppr_FechaActualizacion, ppr_Activo, pro_Id, ppr_FechaInicioVigencia, ppr_PrecioUnitario) VALUES (@fechaCreacion, @fechaCreacion, 1, 3, @FechaInicioVigencia, 398);
INSERT INTO ppr_PrecioProducto (ppr_FechaCreacion, ppr_FechaActualizacion, ppr_Activo, pro_Id, ppr_FechaInicioVigencia, ppr_PrecioUnitario) VALUES (@fechaCreacion, @fechaCreacion, 1, 4, @FechaInicioVigencia, 1111);
INSERT INTO ppr_PrecioProducto (ppr_FechaCreacion, ppr_FechaActualizacion, ppr_Activo, pro_Id, ppr_FechaInicioVigencia, ppr_PrecioUnitario) VALUES (@fechaCreacion, @fechaCreacion, 1, 5, @FechaInicioVigencia, 3593);
INSERT INTO ppr_PrecioProducto (ppr_FechaCreacion, ppr_FechaActualizacion, ppr_Activo, pro_Id, ppr_FechaInicioVigencia, ppr_PrecioUnitario) VALUES (@fechaCreacion, @fechaCreacion, 1, 6, @FechaInicioVigencia, 260);
INSERT INTO ppr_PrecioProducto (ppr_FechaCreacion, ppr_FechaActualizacion, ppr_Activo, pro_Id, ppr_FechaInicioVigencia, ppr_PrecioUnitario) VALUES (@fechaCreacion, @fechaCreacion, 1, 7, @FechaInicioVigencia, 896);
INSERT INTO ppr_PrecioProducto (ppr_FechaCreacion, ppr_FechaActualizacion, ppr_Activo, pro_Id, ppr_FechaInicioVigencia, ppr_PrecioUnitario) VALUES (@fechaCreacion, @fechaCreacion, 1, 8, @FechaInicioVigencia, 235);
INSERT INTO ppr_PrecioProducto (ppr_FechaCreacion, ppr_FechaActualizacion, ppr_Activo, pro_Id, ppr_FechaInicioVigencia, ppr_PrecioUnitario) VALUES (@fechaCreacion, @fechaCreacion, 1, 9, @FechaInicioVigencia, 4171);
INSERT INTO ppr_PrecioProducto (ppr_FechaCreacion, ppr_FechaActualizacion, ppr_Activo, pro_Id, ppr_FechaInicioVigencia, ppr_PrecioUnitario) VALUES (@fechaCreacion, @fechaCreacion, 1, 10, @FechaInicioVigencia, 648);
INSERT INTO ppr_PrecioProducto (ppr_FechaCreacion, ppr_FechaActualizacion, ppr_Activo, pro_Id, ppr_FechaInicioVigencia, ppr_PrecioUnitario) VALUES (@fechaCreacion, @fechaCreacion, 1, 11, @FechaInicioVigencia, 2658);
INSERT INTO ppr_PrecioProducto (ppr_FechaCreacion, ppr_FechaActualizacion, ppr_Activo, pro_Id, ppr_FechaInicioVigencia, ppr_PrecioUnitario) VALUES (@fechaCreacion, @fechaCreacion, 1, 12, @FechaInicioVigencia, 1072);
INSERT INTO ppr_PrecioProducto (ppr_FechaCreacion, ppr_FechaActualizacion, ppr_Activo, pro_Id, ppr_FechaInicioVigencia, ppr_PrecioUnitario) VALUES (@fechaCreacion, @fechaCreacion, 1, 13, @FechaInicioVigencia, 150);
INSERT INTO ppr_PrecioProducto (ppr_FechaCreacion, ppr_FechaActualizacion, ppr_Activo, pro_Id, ppr_FechaInicioVigencia, ppr_PrecioUnitario) VALUES (@fechaCreacion, @fechaCreacion, 1, 14, @FechaInicioVigencia, 190);
INSERT INTO ppr_PrecioProducto (ppr_FechaCreacion, ppr_FechaActualizacion, ppr_Activo, pro_Id, ppr_FechaInicioVigencia, ppr_PrecioUnitario) VALUES (@fechaCreacion, @fechaCreacion, 1, 15, @FechaInicioVigencia, 77);
INSERT INTO ppr_PrecioProducto (ppr_FechaCreacion, ppr_FechaActualizacion, ppr_Activo, pro_Id, ppr_FechaInicioVigencia, ppr_PrecioUnitario) VALUES (@fechaCreacion, @fechaCreacion, 1, 16, @FechaInicioVigencia, 4400);
INSERT INTO ppr_PrecioProducto (ppr_FechaCreacion, ppr_FechaActualizacion, ppr_Activo, pro_Id, ppr_FechaInicioVigencia, ppr_PrecioUnitario) VALUES (@fechaCreacion, @fechaCreacion, 1, 17, @FechaInicioVigencia, 4300);
INSERT INTO ppr_PrecioProducto (ppr_FechaCreacion, ppr_FechaActualizacion, ppr_Activo, pro_Id, ppr_FechaInicioVigencia, ppr_PrecioUnitario) VALUES (@fechaCreacion, @fechaCreacion, 1, 18, @FechaInicioVigencia, 7600);
INSERT INTO ppr_PrecioProducto (ppr_FechaCreacion, ppr_FechaActualizacion, ppr_Activo, pro_Id, ppr_FechaInicioVigencia, ppr_PrecioUnitario) VALUES (@fechaCreacion, @fechaCreacion, 1, 19, @FechaInicioVigencia, 4885);
INSERT INTO ppr_PrecioProducto (ppr_FechaCreacion, ppr_FechaActualizacion, ppr_Activo, pro_Id, ppr_FechaInicioVigencia, ppr_PrecioUnitario) VALUES (@fechaCreacion, @fechaCreacion, 1, 20, @FechaInicioVigencia, 4085);

SET @FechaInicioVigencia = '01/01/2017'
--Se ingresan los cambios de precios
INSERT INTO ppr_PrecioProducto (ppr_FechaCreacion, ppr_FechaActualizacion, ppr_Activo, pro_Id, ppr_FechaInicioVigencia, ppr_PrecioUnitario) VALUES (@fechaCreacion, @fechaCreacion, 1, 1, @FechaInicioVigencia, 364);
INSERT INTO ppr_PrecioProducto (ppr_FechaCreacion, ppr_FechaActualizacion, ppr_Activo, pro_Id, ppr_FechaInicioVigencia, ppr_PrecioUnitario) VALUES (@fechaCreacion, @fechaCreacion, 1, 2, @FechaInicioVigencia, 240);
INSERT INTO ppr_PrecioProducto (ppr_FechaCreacion, ppr_FechaActualizacion, ppr_Activo, pro_Id, ppr_FechaInicioVigencia, ppr_PrecioUnitario) VALUES (@fechaCreacion, @fechaCreacion, 1, 3, @FechaInicioVigencia, 568);
INSERT INTO ppr_PrecioProducto (ppr_FechaCreacion, ppr_FechaActualizacion, ppr_Activo, pro_Id, ppr_FechaInicioVigencia, ppr_PrecioUnitario) VALUES (@fechaCreacion, @fechaCreacion, 1, 4, @FechaInicioVigencia, 1611);
INSERT INTO ppr_PrecioProducto (ppr_FechaCreacion, ppr_FechaActualizacion, ppr_Activo, pro_Id, ppr_FechaInicioVigencia, ppr_PrecioUnitario) VALUES (@fechaCreacion, @fechaCreacion, 1, 5, @FechaInicioVigencia, 3893);
INSERT INTO ppr_PrecioProducto (ppr_FechaCreacion, ppr_FechaActualizacion, ppr_Activo, pro_Id, ppr_FechaInicioVigencia, ppr_PrecioUnitario) VALUES (@fechaCreacion, @fechaCreacion, 1, 6, @FechaInicioVigencia, 390);
INSERT INTO ppr_PrecioProducto (ppr_FechaCreacion, ppr_FechaActualizacion, ppr_Activo, pro_Id, ppr_FechaInicioVigencia, ppr_PrecioUnitario) VALUES (@fechaCreacion, @fechaCreacion, 1, 7, @FechaInicioVigencia, 986);
INSERT INTO ppr_PrecioProducto (ppr_FechaCreacion, ppr_FechaActualizacion, ppr_Activo, pro_Id, ppr_FechaInicioVigencia, ppr_PrecioUnitario) VALUES (@fechaCreacion, @fechaCreacion, 1, 14, @FechaInicioVigencia, 399);
INSERT INTO ppr_PrecioProducto (ppr_FechaCreacion, ppr_FechaActualizacion, ppr_Activo, pro_Id, ppr_FechaInicioVigencia, ppr_PrecioUnitario) VALUES (@fechaCreacion, @fechaCreacion, 1, 15, @FechaInicioVigencia, 237);
INSERT INTO ppr_PrecioProducto (ppr_FechaCreacion, ppr_FechaActualizacion, ppr_Activo, pro_Id, ppr_FechaInicioVigencia, ppr_PrecioUnitario) VALUES (@fechaCreacion, @fechaCreacion, 1, 19, @FechaInicioVigencia, 5985);
INSERT INTO ppr_PrecioProducto (ppr_FechaCreacion, ppr_FechaActualizacion, ppr_Activo, pro_Id, ppr_FechaInicioVigencia, ppr_PrecioUnitario) VALUES (@fechaCreacion, @fechaCreacion, 1, 34, @FechaInicioVigencia, 160);
INSERT INTO ppr_PrecioProducto (ppr_FechaCreacion, ppr_FechaActualizacion, ppr_Activo, pro_Id, ppr_FechaInicioVigencia, ppr_PrecioUnitario) VALUES (@fechaCreacion, @fechaCreacion, 1, 35, @FechaInicioVigencia, 173);
INSERT INTO ppr_PrecioProducto (ppr_FechaCreacion, ppr_FechaActualizacion, ppr_Activo, pro_Id, ppr_FechaInicioVigencia, ppr_PrecioUnitario) VALUES (@fechaCreacion, @fechaCreacion, 1, 52, @FechaInicioVigencia, 475);
INSERT INTO ppr_PrecioProducto (ppr_FechaCreacion, ppr_FechaActualizacion, ppr_Activo, pro_Id, ppr_FechaInicioVigencia, ppr_PrecioUnitario) VALUES (@fechaCreacion, @fechaCreacion, 1, 53, @FechaInicioVigencia, 265);
INSERT INTO ppr_PrecioProducto (ppr_FechaCreacion, ppr_FechaActualizacion, ppr_Activo, pro_Id, ppr_FechaInicioVigencia, ppr_PrecioUnitario) VALUES (@fechaCreacion, @fechaCreacion, 1, 67, @FechaInicioVigencia, 345);
INSERT INTO ppr_PrecioProducto (ppr_FechaCreacion, ppr_FechaActualizacion, ppr_Activo, pro_Id, ppr_FechaInicioVigencia, ppr_PrecioUnitario) VALUES (@fechaCreacion, @fechaCreacion, 1, 68, @FechaInicioVigencia, 275);
INSERT INTO ppr_PrecioProducto (ppr_FechaCreacion, ppr_FechaActualizacion, ppr_Activo, pro_Id, ppr_FechaInicioVigencia, ppr_PrecioUnitario) VALUES (@fechaCreacion, @fechaCreacion, 1, 76, @FechaInicioVigencia, 405);
INSERT INTO ppr_PrecioProducto (ppr_FechaCreacion, ppr_FechaActualizacion, ppr_Activo, pro_Id, ppr_FechaInicioVigencia, ppr_PrecioUnitario) VALUES (@fechaCreacion, @fechaCreacion, 1, 77, @FechaInicioVigencia, 340);
INSERT INTO ppr_PrecioProducto (ppr_FechaCreacion, ppr_FechaActualizacion, ppr_Activo, pro_Id, ppr_FechaInicioVigencia, ppr_PrecioUnitario) VALUES (@fechaCreacion, @fechaCreacion, 1, 86, @FechaInicioVigencia, 700);
INSERT INTO ppr_PrecioProducto (ppr_FechaCreacion, ppr_FechaActualizacion, ppr_Activo, pro_Id, ppr_FechaInicioVigencia, ppr_PrecioUnitario) VALUES (@fechaCreacion, @fechaCreacion, 1, 87, @FechaInicioVigencia, 530);


--Se insertan los clientes
SET IDENTITY_INSERT cli_Cliente ON

INSERT INTO cli_Cliente(cli_id, cli_fechacreacion, cli_fechaactualizacion, cli_activo, tid_id, cli_identificacion, cli_nombres, cli_apellidos, cli_fechanacimiento, cli_correoelectronico) VALUES (1, @fechaCreacion, @fechaCreacion, 1, 2 ,'1031231298' ,'ALEJANDRO' ,'PEREZ' ,CONVERT(DATE, '20/12/1980', 103) ,'mail@msn.com');
INSERT INTO cli_Cliente(cli_id, cli_fechacreacion, cli_fechaactualizacion, cli_activo, tid_id, cli_identificacion, cli_nombres, cli_apellidos, cli_fechanacimiento, cli_correoelectronico) VALUES (2, @fechaCreacion, @fechaCreacion, 1, 2 ,'1031231299' ,'ARTURO' ,'OLARTE' ,CONVERT(DATE, '02/04/1972', 103) ,'mail@msn.com');
INSERT INTO cli_Cliente(cli_id, cli_fechacreacion, cli_fechaactualizacion, cli_activo, tid_id, cli_identificacion, cli_nombres, cli_apellidos, cli_fechanacimiento, cli_correoelectronico) VALUES (3, @fechaCreacion, @fechaCreacion, 1, 2 ,'1031231300' ,'ERNESTO' ,'GARCIA' ,CONVERT(DATE, '24/04/1957', 103) ,'mail@msn.com');
INSERT INTO cli_Cliente(cli_id, cli_fechacreacion, cli_fechaactualizacion, cli_activo, tid_id, cli_identificacion, cli_nombres, cli_apellidos, cli_fechanacimiento, cli_correoelectronico) VALUES (4, @fechaCreacion, @fechaCreacion, 1, 2 ,'1031231301' ,'JAIRO' ,'JIMENEZ' ,CONVERT(DATE, '02/05/2000', 103) ,NULL);
INSERT INTO cli_Cliente(cli_id, cli_fechacreacion, cli_fechaactualizacion, cli_activo, tid_id, cli_identificacion, cli_nombres, cli_apellidos, cli_fechanacimiento, cli_correoelectronico) VALUES (5, @fechaCreacion, @fechaCreacion, 1, 2 ,'1031231302' ,'NESTOR' ,'QUIROZ' ,CONVERT(DATE, '23/11/1960', 103) ,'mail@msn.com');
INSERT INTO cli_Cliente(cli_id, cli_fechacreacion, cli_fechaactualizacion, cli_activo, tid_id, cli_identificacion, cli_nombres, cli_apellidos, cli_fechanacimiento, cli_correoelectronico) VALUES (6, @fechaCreacion, @fechaCreacion, 1, 2 ,'1031231303' ,'CAMILA' ,'MORALES' ,CONVERT(DATE, '21/08/1992', 103) ,NULL);
INSERT INTO cli_Cliente(cli_id, cli_fechacreacion, cli_fechaactualizacion, cli_activo, tid_id, cli_identificacion, cli_nombres, cli_apellidos, cli_fechanacimiento, cli_correoelectronico) VALUES (7, @fechaCreacion, @fechaCreacion, 1, 2 ,'1031231304' ,'PAOLA' ,'CARMONA' ,CONVERT(DATE, '25/05/1988', 103) ,'mail@msn.com');
INSERT INTO cli_Cliente(cli_id, cli_fechacreacion, cli_fechaactualizacion, cli_activo, tid_id, cli_identificacion, cli_nombres, cli_apellidos, cli_fechanacimiento, cli_correoelectronico) VALUES (8, @fechaCreacion, @fechaCreacion, 1, 2 ,'1031231305' ,'SONIA' ,'MUÑOZ' ,CONVERT(DATE, '13/06/1977', 103) ,NULL);
INSERT INTO cli_Cliente(cli_id, cli_fechacreacion, cli_fechaactualizacion, cli_activo, tid_id, cli_identificacion, cli_nombres, cli_apellidos, cli_fechanacimiento, cli_correoelectronico) VALUES (9, @fechaCreacion, @fechaCreacion, 1, 2 ,'1031231306' ,'FABIAN' ,'CACERES' ,CONVERT(DATE, '02/01/1985', 103) ,'mail@msn.com');
INSERT INTO cli_Cliente(cli_id, cli_fechacreacion, cli_fechaactualizacion, cli_activo, tid_id, cli_identificacion, cli_nombres, cli_apellidos, cli_fechanacimiento, cli_correoelectronico) VALUES (10, @fechaCreacion, @fechaCreacion, 1, 2 ,'1031231307' ,'ESTEFANIA' ,'AROCAS PASADAS' ,CONVERT(DATE, '20/12/1980', 103) ,'mail@msn.com');
INSERT INTO cli_Cliente(cli_id, cli_fechacreacion, cli_fechaactualizacion, cli_activo, tid_id, cli_identificacion, cli_nombres, cli_apellidos, cli_fechanacimiento, cli_correoelectronico) VALUES (11, @fechaCreacion, @fechaCreacion, 1, 2 ,'1031231308' ,'QUERALT' ,'VISO GILABERT' ,CONVERT(DATE, '02/04/1972', 103) ,'mail@msn.com');
INSERT INTO cli_Cliente(cli_id, cli_fechacreacion, cli_fechaactualizacion, cli_activo, tid_id, cli_identificacion, cli_nombres, cli_apellidos, cli_fechanacimiento, cli_correoelectronico) VALUES (12, @fechaCreacion, @fechaCreacion, 1, 2 ,'1031231309' ,'JOAN' ,'AYALA FERRERAS' ,CONVERT(DATE, '24/04/1957', 103) ,'mail@msn.com');
INSERT INTO cli_Cliente(cli_id, cli_fechacreacion, cli_fechaactualizacion, cli_activo, tid_id, cli_identificacion, cli_nombres, cli_apellidos, cli_fechanacimiento, cli_correoelectronico) VALUES (13, @fechaCreacion, @fechaCreacion, 1, 2 ,'1031231310' ,'JOAN' ,'BAEZ TEJADO' ,CONVERT(DATE, '02/05/2000', 103) ,NULL);
INSERT INTO cli_Cliente(cli_id, cli_fechacreacion, cli_fechaactualizacion, cli_activo, tid_id, cli_identificacion, cli_nombres, cli_apellidos, cli_fechanacimiento, cli_correoelectronico) VALUES (14, @fechaCreacion, @fechaCreacion, 1, 2 ,'1031231311' ,'MARC' ,'BASTARDES SOTO' ,CONVERT(DATE, '23/11/1960', 103) ,'mail@msn.com');
INSERT INTO cli_Cliente(cli_id, cli_fechacreacion, cli_fechaactualizacion, cli_activo, tid_id, cli_identificacion, cli_nombres, cli_apellidos, cli_fechanacimiento, cli_correoelectronico) VALUES (15, @fechaCreacion, @fechaCreacion, 1, 2 ,'1031231312' ,'JOSEP' ,'ANGUERA VILAFRANCA' ,CONVERT(DATE, '21/08/1992', 103) ,NULL);
INSERT INTO cli_Cliente(cli_id, cli_fechacreacion, cli_fechaactualizacion, cli_activo, tid_id, cli_identificacion, cli_nombres, cli_apellidos, cli_fechanacimiento, cli_correoelectronico) VALUES (16, @fechaCreacion, @fechaCreacion, 1, 2 ,'1031231313' ,'ESTHER' ,'PASCUAL ALOY' ,CONVERT(DATE, '25/05/1988', 103) ,'mail@msn.com');
INSERT INTO cli_Cliente(cli_id, cli_fechacreacion, cli_fechaactualizacion, cli_activo, tid_id, cli_identificacion, cli_nombres, cli_apellidos, cli_fechanacimiento, cli_correoelectronico) VALUES (17, @fechaCreacion, @fechaCreacion, 1, 2 ,'1031231314' ,'LAURA' ,'RAYA GARCIA' ,CONVERT(DATE, '13/06/1977', 103) ,NULL);
INSERT INTO cli_Cliente(cli_id, cli_fechacreacion, cli_fechaactualizacion, cli_activo, tid_id, cli_identificacion, cli_nombres, cli_apellidos, cli_fechanacimiento, cli_correoelectronico) VALUES (18, @fechaCreacion, @fechaCreacion, 1, 2 ,'1031231315' ,'RAQUEL' ,'ANDREU CRUZ' ,CONVERT(DATE, '02/01/1985', 103) ,'mail@msn.com');
INSERT INTO cli_Cliente(cli_id, cli_fechacreacion, cli_fechaactualizacion, cli_activo, tid_id, cli_identificacion, cli_nombres, cli_apellidos, cli_fechanacimiento, cli_correoelectronico) VALUES (19, @fechaCreacion, @fechaCreacion, 1, 2 ,'1031231316' ,'JOAN' ,'BERENGUERAS CULLERÉS' ,CONVERT(DATE, '20/12/1980', 103) ,'mail@msn.com');
INSERT INTO cli_Cliente(cli_id, cli_fechacreacion, cli_fechaactualizacion, cli_activo, tid_id, cli_identificacion, cli_nombres, cli_apellidos, cli_fechanacimiento, cli_correoelectronico) VALUES (20, @fechaCreacion, @fechaCreacion, 1, 2 ,'1031231317' ,'MARIA ISABEL' ,'ARNAU MORENO' ,CONVERT(DATE, '02/04/1972', 103) ,'mail@msn.com');
INSERT INTO cli_Cliente(cli_id, cli_fechacreacion, cli_fechaactualizacion, cli_activo, tid_id, cli_identificacion, cli_nombres, cli_apellidos, cli_fechanacimiento, cli_correoelectronico) VALUES (21, @fechaCreacion, @fechaCreacion, 1, 2 ,'1031231318' ,'ADRIA' ,'RAYA GAVILAN' ,CONVERT(DATE, '24/04/1957', 103) ,'mail@msn.com');
INSERT INTO cli_Cliente(cli_id, cli_fechacreacion, cli_fechaactualizacion, cli_activo, tid_id, cli_identificacion, cli_nombres, cli_apellidos, cli_fechanacimiento, cli_correoelectronico) VALUES (22, @fechaCreacion, @fechaCreacion, 1, 2 ,'1031231319' ,'GERARD' ,'ZAMBUDIO FIGULS' ,CONVERT(DATE, '02/05/2000', 103) ,NULL);
INSERT INTO cli_Cliente(cli_id, cli_fechacreacion, cli_fechaactualizacion, cli_activo, tid_id, cli_identificacion, cli_nombres, cli_apellidos, cli_fechanacimiento, cli_correoelectronico) VALUES (23, @fechaCreacion, @fechaCreacion, 1, 2 ,'1031231320' ,'ELIOT' ,'BIDAULT CULLERÉS' ,CONVERT(DATE, '23/11/1960', 103) ,'mail@msn.com');
INSERT INTO cli_Cliente(cli_id, cli_fechacreacion, cli_fechaactualizacion, cli_activo, tid_id, cli_identificacion, cli_nombres, cli_apellidos, cli_fechanacimiento, cli_correoelectronico) VALUES (24, @fechaCreacion, @fechaCreacion, 1, 2 ,'1031231321' ,'JORDI' ,'BIOSCA FONTANET' ,CONVERT(DATE, '21/08/1992', 103) ,NULL);
INSERT INTO cli_Cliente(cli_id, cli_fechacreacion, cli_fechaactualizacion, cli_activo, tid_id, cli_identificacion, cli_nombres, cli_apellidos, cli_fechanacimiento, cli_correoelectronico) VALUES (25, @fechaCreacion, @fechaCreacion, 1, 2 ,'1031231322' ,'LUIS' ,'ZAFRA FIGULS' ,CONVERT(DATE, '25/05/1988', 103) ,'mail@msn.com');
INSERT INTO cli_Cliente(cli_id, cli_fechacreacion, cli_fechaactualizacion, cli_activo, tid_id, cli_identificacion, cli_nombres, cli_apellidos, cli_fechanacimiento, cli_correoelectronico) VALUES (26, @fechaCreacion, @fechaCreacion, 1, 2 ,'1031231323' ,'LAURA' ,'ALEU ICART' ,CONVERT(DATE, '13/06/1977', 103) ,NULL);
INSERT INTO cli_Cliente(cli_id, cli_fechacreacion, cli_fechaactualizacion, cli_activo, tid_id, cli_identificacion, cli_nombres, cli_apellidos, cli_fechanacimiento, cli_correoelectronico) VALUES (27, @fechaCreacion, @fechaCreacion, 1, 2 ,'1031231324' ,'JORDI' ,'MORALES GESE' ,CONVERT(DATE, '02/01/1985', 103) ,'mail@msn.com');
INSERT INTO cli_Cliente(cli_id, cli_fechacreacion, cli_fechaactualizacion, cli_activo, tid_id, cli_identificacion, cli_nombres, cli_apellidos, cli_fechanacimiento, cli_correoelectronico) VALUES (28, @fechaCreacion, @fechaCreacion, 1, 2 ,'1031231325' ,'DOUNYA' ,'BLANCO FONTANET' ,CONVERT(DATE, '20/12/1980', 103) ,'mail@msn.com');
INSERT INTO cli_Cliente(cli_id, cli_fechacreacion, cli_fechaactualizacion, cli_activo, tid_id, cli_identificacion, cli_nombres, cli_apellidos, cli_fechanacimiento, cli_correoelectronico) VALUES (29, @fechaCreacion, @fechaCreacion, 1, 2 ,'1031231326' ,'JULIO' ,'GARCIA ALMOGUERA' ,CONVERT(DATE, '02/04/1972', 103) ,'mail@msn.com');
INSERT INTO cli_Cliente(cli_id, cli_fechacreacion, cli_fechaactualizacion, cli_activo, tid_id, cli_identificacion, cli_nombres, cli_apellidos, cli_fechanacimiento, cli_correoelectronico) VALUES (30, @fechaCreacion, @fechaCreacion, 1, 2 ,'1031231327' ,'ANDREU' ,'LIBORI FIGUERAS' ,CONVERT(DATE, '24/04/1957', 103) ,'mail@msn.com');
INSERT INTO cli_Cliente(cli_id, cli_fechacreacion, cli_fechaactualizacion, cli_activo, tid_id, cli_identificacion, cli_nombres, cli_apellidos, cli_fechanacimiento, cli_correoelectronico) VALUES (31, @fechaCreacion, @fechaCreacion, 1, 2 ,'1031231328' ,'RAMON' ,'BIDAULT PUEYO' ,CONVERT(DATE, '02/05/2000', 103) ,NULL);
INSERT INTO cli_Cliente(cli_id, cli_fechacreacion, cli_fechaactualizacion, cli_activo, tid_id, cli_identificacion, cli_nombres, cli_apellidos, cli_fechanacimiento, cli_correoelectronico) VALUES (32, @fechaCreacion, @fechaCreacion, 1, 2 ,'1031231329' ,'DAVID-JESE' ,'BENITEZ JOSE' ,CONVERT(DATE, '23/11/1960', 103) ,'mail@msn.com');
INSERT INTO cli_Cliente(cli_id, cli_fechacreacion, cli_fechaactualizacion, cli_activo, tid_id, cli_identificacion, cli_nombres, cli_apellidos, cli_fechanacimiento, cli_correoelectronico) VALUES (33, @fechaCreacion, @fechaCreacion, 1, 2 ,'1031231330' ,'ARAN' ,'PASCUAL FLORES' ,CONVERT(DATE, '21/08/1992', 103) ,NULL);
INSERT INTO cli_Cliente(cli_id, cli_fechacreacion, cli_fechaactualizacion, cli_activo, tid_id, cli_identificacion, cli_nombres, cli_apellidos, cli_fechanacimiento, cli_correoelectronico) VALUES (34, @fechaCreacion, @fechaCreacion, 1, 2 ,'1031231331' ,'GEMMA' ,'LISTAN FIGUERAS' ,CONVERT(DATE, '25/05/1988', 103) ,'mail@msn.com');
INSERT INTO cli_Cliente(cli_id, cli_fechacreacion, cli_fechaactualizacion, cli_activo, tid_id, cli_identificacion, cli_nombres, cli_apellidos, cli_fechanacimiento, cli_correoelectronico) VALUES (35, @fechaCreacion, @fechaCreacion, 1, 2 ,'1031231332' ,'IVAN' ,'RASERO GAVILAN' ,CONVERT(DATE, '13/06/1977', 103) ,NULL);
INSERT INTO cli_Cliente(cli_id, cli_fechacreacion, cli_fechaactualizacion, cli_activo, tid_id, cli_identificacion, cli_nombres, cli_apellidos, cli_fechanacimiento, cli_correoelectronico) VALUES (36, @fechaCreacion, @fechaCreacion, 1, 2 ,'1031231333' ,'DAVID' ,'ARNALOT PUIG' ,CONVERT(DATE, '02/01/1985', 103) ,'mail@msn.com');
INSERT INTO cli_Cliente(cli_id, cli_fechacreacion, cli_fechaactualizacion, cli_activo, tid_id, cli_identificacion, cli_nombres, cli_apellidos, cli_fechanacimiento, cli_correoelectronico) VALUES (37, @fechaCreacion, @fechaCreacion, 1, 2 ,'1031231334' ,'XAVIER' ,'MOLINER GARRIDO' ,CONVERT(DATE, '20/12/1980', 103) ,'mail@msn.com');
INSERT INTO cli_Cliente(cli_id, cli_fechacreacion, cli_fechaactualizacion, cli_activo, tid_id, cli_identificacion, cli_nombres, cli_apellidos, cli_fechanacimiento, cli_correoelectronico) VALUES (38, @fechaCreacion, @fechaCreacion, 1, 2 ,'1031231335' ,'MARIO' ,'GALOBART GARCIA' ,CONVERT(DATE, '02/04/1972', 103) ,'mail@msn.com');
INSERT INTO cli_Cliente(cli_id, cli_fechacreacion, cli_fechaactualizacion, cli_activo, tid_id, cli_identificacion, cli_nombres, cli_apellidos, cli_fechanacimiento, cli_correoelectronico) VALUES (39, @fechaCreacion, @fechaCreacion, 1, 2 ,'1031231336' ,'JESUS' ,'MAS FRANCH' ,CONVERT(DATE, '24/04/1957', 103) ,'mail@msn.com');
INSERT INTO cli_Cliente(cli_id, cli_fechacreacion, cli_fechaactualizacion, cli_activo, tid_id, cli_identificacion, cli_nombres, cli_apellidos, cli_fechanacimiento, cli_correoelectronico) VALUES (40, @fechaCreacion, @fechaCreacion, 1, 2 ,'1031231337' ,'GEMMA' ,'ALOY COMPTE' ,CONVERT(DATE, '02/05/2000', 103) ,NULL);
INSERT INTO cli_Cliente(cli_id, cli_fechacreacion, cli_fechaactualizacion, cli_activo, tid_id, cli_identificacion, cli_nombres, cli_apellidos, cli_fechanacimiento, cli_correoelectronico) VALUES (41, @fechaCreacion, @fechaCreacion, 1, 2 ,'1031231338' ,'SILVIA' ,'ASENSIO VEGA' ,CONVERT(DATE, '23/11/1960', 103) ,'mail@msn.com');
INSERT INTO cli_Cliente(cli_id, cli_fechacreacion, cli_fechaactualizacion, cli_activo, tid_id, cli_identificacion, cli_nombres, cli_apellidos, cli_fechanacimiento, cli_correoelectronico) VALUES (42, @fechaCreacion, @fechaCreacion, 1, 2 ,'1031231339' ,'ALBERT' ,'ALOY CODINACHS' ,CONVERT(DATE, '21/08/1992', 103) ,NULL);
INSERT INTO cli_Cliente(cli_id, cli_fechacreacion, cli_fechaactualizacion, cli_activo, tid_id, cli_identificacion, cli_nombres, cli_apellidos, cli_fechanacimiento, cli_correoelectronico) VALUES (43, @fechaCreacion, @fechaCreacion, 1, 2 ,'1031231340' ,'MARIA' ,'ALTIMIRAS ARMENTEROS' ,CONVERT(DATE, '25/05/1988', 103) ,'mail@msn.com');
INSERT INTO cli_Cliente(cli_id, cli_fechacreacion, cli_fechaactualizacion, cli_activo, tid_id, cli_identificacion, cli_nombres, cli_apellidos, cli_fechanacimiento, cli_correoelectronico) VALUES (44, @fechaCreacion, @fechaCreacion, 1, 2 ,'1031231341' ,'BERTA' ,'BAJONA GARCIA' ,CONVERT(DATE, '13/06/1977', 103) ,NULL);
INSERT INTO cli_Cliente(cli_id, cli_fechacreacion, cli_fechaactualizacion, cli_activo, tid_id, cli_identificacion, cli_nombres, cli_apellidos, cli_fechanacimiento, cli_correoelectronico) VALUES (45, @fechaCreacion, @fechaCreacion, 1, 2 ,'1031231342' ,'BERTA' ,'AGUILAR RODRIGUEZ' ,CONVERT(DATE, '02/01/1985', 103) ,'mail@msn.com');
INSERT INTO cli_Cliente(cli_id, cli_fechacreacion, cli_fechaactualizacion, cli_activo, tid_id, cli_identificacion, cli_nombres, cli_apellidos, cli_fechanacimiento, cli_correoelectronico) VALUES (46, @fechaCreacion, @fechaCreacion, 1, 2 ,'1031231343' ,'MIREIA' ,'BARRIGA SOTO' ,CONVERT(DATE, '20/12/1980', 103) ,'mail@msn.com');
INSERT INTO cli_Cliente(cli_id, cli_fechacreacion, cli_fechaactualizacion, cli_activo, tid_id, cli_identificacion, cli_nombres, cli_apellidos, cli_fechanacimiento, cli_correoelectronico) VALUES (47, @fechaCreacion, @fechaCreacion, 1, 2 ,'1031231344' ,'GEMMA' ,'AVILA MASJUAN' ,CONVERT(DATE, '02/04/1972', 103) ,'mail@msn.com');
INSERT INTO cli_Cliente(cli_id, cli_fechacreacion, cli_fechaactualizacion, cli_activo, tid_id, cli_identificacion, cli_nombres, cli_apellidos, cli_fechanacimiento, cli_correoelectronico) VALUES (48, @fechaCreacion, @fechaCreacion, 1, 2 ,'1031231345' ,'MARIA ISABEL' ,'PARRAMON FLORES' ,CONVERT(DATE, '24/04/1957', 103) ,'mail@msn.com');
INSERT INTO cli_Cliente(cli_id, cli_fechacreacion, cli_fechaactualizacion, cli_activo, tid_id, cli_identificacion, cli_nombres, cli_apellidos, cli_fechanacimiento, cli_correoelectronico) VALUES (49, @fechaCreacion, @fechaCreacion, 1, 2 ,'1031231346' ,'TONI' ,'AGUILAR RAMOS' ,CONVERT(DATE, '02/05/2000', 103) ,NULL);
INSERT INTO cli_Cliente(cli_id, cli_fechacreacion, cli_fechaactualizacion, cli_activo, tid_id, cli_identificacion, cli_nombres, cli_apellidos, cli_fechanacimiento, cli_correoelectronico) VALUES (50, @fechaCreacion, @fechaCreacion, 1, 2 ,'1031231347' ,'ALEJANDRO' ,'AYALA ALSINA' ,CONVERT(DATE, '23/11/1960', 103) ,'mail@msn.com');
INSERT INTO cli_Cliente(cli_id, cli_fechacreacion, cli_fechaactualizacion, cli_activo, tid_id, cli_identificacion, cli_nombres, cli_apellidos, cli_fechanacimiento, cli_correoelectronico) VALUES (51, @fechaCreacion, @fechaCreacion, 1, 2 ,'1031231348' ,'JOAN' ,'ALVAREZ TROYANO' ,CONVERT(DATE, '21/08/1992', 103) ,NULL);
INSERT INTO cli_Cliente(cli_id, cli_fechacreacion, cli_fechaactualizacion, cli_activo, tid_id, cli_identificacion, cli_nombres, cli_apellidos, cli_fechanacimiento, cli_correoelectronico) VALUES (52, @fechaCreacion, @fechaCreacion, 1, 2 ,'1031231349' ,'INGRID' ,'ALINS GONZÁLEZ' ,CONVERT(DATE, '25/05/1988', 103) ,'mail@msn.com');
INSERT INTO cli_Cliente(cli_id, cli_fechacreacion, cli_fechaactualizacion, cli_activo, tid_id, cli_identificacion, cli_nombres, cli_apellidos, cli_fechanacimiento, cli_correoelectronico) VALUES (53, @fechaCreacion, @fechaCreacion, 1, 2 ,'1031231350' ,'OLIVER' ,'BADIA CASTILLO' ,CONVERT(DATE, '13/06/1977', 103) ,NULL);
INSERT INTO cli_Cliente(cli_id, cli_fechacreacion, cli_fechaactualizacion, cli_activo, tid_id, cli_identificacion, cli_nombres, cli_apellidos, cli_fechanacimiento, cli_correoelectronico) VALUES (54, @fechaCreacion, @fechaCreacion, 1, 2 ,'1031231351' ,'SANDRA' ,'BENITEZ FLORES' ,CONVERT(DATE, '02/01/1985', 103) ,'mail@msn.com');
INSERT INTO cli_Cliente(cli_id, cli_fechacreacion, cli_fechaactualizacion, cli_activo, tid_id, cli_identificacion, cli_nombres, cli_apellidos, cli_fechanacimiento, cli_correoelectronico) VALUES (55, @fechaCreacion, @fechaCreacion, 1, 2 ,'1031231352' ,'JORDI' ,'TORRUELLA GARCIA' ,CONVERT(DATE, '20/12/1980', 103) ,'mail@msn.com');
INSERT INTO cli_Cliente(cli_id, cli_fechacreacion, cli_fechaactualizacion, cli_activo, tid_id, cli_identificacion, cli_nombres, cli_apellidos, cli_fechanacimiento, cli_correoelectronico) VALUES (56, @fechaCreacion, @fechaCreacion, 1, 2 ,'1031231353' ,'MARC' ,'ALBERICH RODRIGUEZ' ,CONVERT(DATE, '02/04/1972', 103) ,'mail@msn.com');
INSERT INTO cli_Cliente(cli_id, cli_fechacreacion, cli_fechaactualizacion, cli_activo, tid_id, cli_identificacion, cli_nombres, cli_apellidos, cli_fechanacimiento, cli_correoelectronico) VALUES (57, @fechaCreacion, @fechaCreacion, 1, 2 ,'1031231354' ,'JORDINA' ,'ARMENCOT PUIG' ,CONVERT(DATE, '24/04/1957', 103) ,'mail@msn.com');
INSERT INTO cli_Cliente(cli_id, cli_fechacreacion, cli_fechaactualizacion, cli_activo, tid_id, cli_identificacion, cli_nombres, cli_apellidos, cli_fechanacimiento, cli_correoelectronico) VALUES (58, @fechaCreacion, @fechaCreacion, 1, 2 ,'1031231355' ,'MARTA' ,'BARRIGA RIU' ,CONVERT(DATE, '02/05/2000', 103) ,NULL);
INSERT INTO cli_Cliente(cli_id, cli_fechacreacion, cli_fechaactualizacion, cli_activo, tid_id, cli_identificacion, cli_nombres, cli_apellidos, cli_fechanacimiento, cli_correoelectronico) VALUES (59, @fechaCreacion, @fechaCreacion, 1, 2 ,'1031231356' ,'RAQUEL' ,'PORTELLA GISPETS' ,CONVERT(DATE, '23/11/1960', 103) ,'mail@msn.com');
INSERT INTO cli_Cliente(cli_id, cli_fechacreacion, cli_fechaactualizacion, cli_activo, tid_id, cli_identificacion, cli_nombres, cli_apellidos, cli_fechanacimiento, cli_correoelectronico) VALUES (60, @fechaCreacion, @fechaCreacion, 1, 2 ,'1031231357' ,'ENRIC' ,'AGUILERA BAENA' ,CONVERT(DATE, '21/08/1992', 103) ,NULL);
INSERT INTO cli_Cliente(cli_id, cli_fechacreacion, cli_fechaactualizacion, cli_activo, tid_id, cli_identificacion, cli_nombres, cli_apellidos, cli_fechanacimiento, cli_correoelectronico) VALUES (61, @fechaCreacion, @fechaCreacion, 1, 2 ,'1031231358' ,'MARTA' ,'BARCONS LARA' ,CONVERT(DATE, '25/05/1988', 103) ,'mail@msn.com');
INSERT INTO cli_Cliente(cli_id, cli_fechacreacion, cli_fechaactualizacion, cli_activo, tid_id, cli_identificacion, cli_nombres, cli_apellidos, cli_fechanacimiento, cli_correoelectronico) VALUES (62, @fechaCreacion, @fechaCreacion, 1, 2 ,'1031231359' ,'CARLA' ,'ALEU PRAT' ,CONVERT(DATE, '13/06/1977', 103) ,NULL);
INSERT INTO cli_Cliente(cli_id, cli_fechacreacion, cli_fechaactualizacion, cli_activo, tid_id, cli_identificacion, cli_nombres, cli_apellidos, cli_fechanacimiento, cli_correoelectronico) VALUES (63, @fechaCreacion, @fechaCreacion, 1, 2 ,'1031231360' ,'MARIA NOELIA' ,'MOLINA GARRIDO' ,CONVERT(DATE, '02/01/1985', 103) ,'mail@msn.com');
INSERT INTO cli_Cliente(cli_id, cli_fechacreacion, cli_fechaactualizacion, cli_activo, tid_id, cli_identificacion, cli_nombres, cli_apellidos, cli_fechanacimiento, cli_correoelectronico) VALUES (64, @fechaCreacion, @fechaCreacion, 1, 2 ,'1031231361' ,'CRISTINA' ,'ARISSA HERMOSO' ,CONVERT(DATE, '20/12/1980', 103) ,'mail@msn.com');
INSERT INTO cli_Cliente(cli_id, cli_fechacreacion, cli_fechaactualizacion, cli_activo, tid_id, cli_identificacion, cli_nombres, cli_apellidos, cli_fechanacimiento, cli_correoelectronico) VALUES (65, @fechaCreacion, @fechaCreacion, 1, 2 ,'1031231362' ,'CARLOS' ,'ARPA MORENO' ,CONVERT(DATE, '02/04/1972', 103) ,'mail@msn.com');
INSERT INTO cli_Cliente(cli_id, cli_fechacreacion, cli_fechaactualizacion, cli_activo, tid_id, cli_identificacion, cli_nombres, cli_apellidos, cli_fechanacimiento, cli_correoelectronico) VALUES (66, @fechaCreacion, @fechaCreacion, 1, 2 ,'1031231363' ,'DAVID' ,'ALOY FARRANDO' ,CONVERT(DATE, '24/04/1957', 103) ,'mail@msn.com');
INSERT INTO cli_Cliente(cli_id, cli_fechacreacion, cli_fechaactualizacion, cli_activo, tid_id, cli_identificacion, cli_nombres, cli_apellidos, cli_fechanacimiento, cli_correoelectronico) VALUES (67, @fechaCreacion, @fechaCreacion, 1, 2 ,'1031231364' ,'CRISTIAN' ,'LUQUE GARRIGASAIT' ,CONVERT(DATE, '02/05/2000', 103) ,NULL);
INSERT INTO cli_Cliente(cli_id, cli_fechacreacion, cli_fechaactualizacion, cli_activo, tid_id, cli_identificacion, cli_nombres, cli_apellidos, cli_fechanacimiento, cli_correoelectronico) VALUES (68, @fechaCreacion, @fechaCreacion, 1, 2 ,'1031231365' ,'JULIO ALBERTO' ,'SANTAMARIA FLOTATS' ,CONVERT(DATE, '23/11/1960', 103) ,'mail@msn.com');
INSERT INTO cli_Cliente(cli_id, cli_fechacreacion, cli_fechaactualizacion, cli_activo, tid_id, cli_identificacion, cli_nombres, cli_apellidos, cli_fechanacimiento, cli_correoelectronico) VALUES (69, @fechaCreacion, @fechaCreacion, 1, 2 ,'1031231366' ,'SERGI' ,'ARTIGAS MATURANO' ,CONVERT(DATE, '21/08/1992', 103) ,NULL);
INSERT INTO cli_Cliente(cli_id, cli_fechacreacion, cli_fechaactualizacion, cli_activo, tid_id, cli_identificacion, cli_nombres, cli_apellidos, cli_fechanacimiento, cli_correoelectronico) VALUES (70, @fechaCreacion, @fechaCreacion, 1, 2 ,'1031231367' ,'ALEIX' ,'AGUILAR MASANA' ,CONVERT(DATE, '25/05/1988', 103) ,'mail@msn.com');
INSERT INTO cli_Cliente(cli_id, cli_fechacreacion, cli_fechaactualizacion, cli_activo, tid_id, cli_identificacion, cli_nombres, cli_apellidos, cli_fechanacimiento, cli_correoelectronico) VALUES (71, @fechaCreacion, @fechaCreacion, 1, 2 ,'1031231368' ,'VERONICA' ,'ALTIMIRAS SERAROLS' ,CONVERT(DATE, '13/06/1977', 103) ,NULL);
INSERT INTO cli_Cliente(cli_id, cli_fechacreacion, cli_fechaactualizacion, cli_activo, tid_id, cli_identificacion, cli_nombres, cli_apellidos, cli_fechanacimiento, cli_correoelectronico) VALUES (72, @fechaCreacion, @fechaCreacion, 1, 2 ,'1031231369' ,'MARIONA' ,'TORRESCASANA GARCIA' ,CONVERT(DATE, '02/01/1985', 103) ,'mail@msn.com');
INSERT INTO cli_Cliente(cli_id, cli_fechacreacion, cli_fechaactualizacion, cli_activo, tid_id, cli_identificacion, cli_nombres, cli_apellidos, cli_fechanacimiento, cli_correoelectronico) VALUES (73, @fechaCreacion, @fechaCreacion, 1, 2 ,'1031231370' ,'MARC' ,'ALVAREZ ARMENTEROS' ,CONVERT(DATE, '20/12/1980', 103) ,'mail@msn.com');
INSERT INTO cli_Cliente(cli_id, cli_fechacreacion, cli_fechaactualizacion, cli_activo, tid_id, cli_identificacion, cli_nombres, cli_apellidos, cli_fechanacimiento, cli_correoelectronico) VALUES (74, @fechaCreacion, @fechaCreacion, 1, 2 ,'1031231371' ,'GEMMA' ,'ALONSO RODRIGUEZ' ,CONVERT(DATE, '02/04/1972', 103) ,'mail@msn.com');
INSERT INTO cli_Cliente(cli_id, cli_fechacreacion, cli_fechaactualizacion, cli_activo, tid_id, cli_identificacion, cli_nombres, cli_apellidos, cli_fechanacimiento, cli_correoelectronico) VALUES (75, @fechaCreacion, @fechaCreacion, 1, 2 ,'1031231372' ,'RICARD' ,'ALCAIDE MOLINA' ,CONVERT(DATE, '24/04/1957', 103) ,'mail@msn.com');
INSERT INTO cli_Cliente(cli_id, cli_fechacreacion, cli_fechaactualizacion, cli_activo, tid_id, cli_identificacion, cli_nombres, cli_apellidos, cli_fechanacimiento, cli_correoelectronico) VALUES (76, @fechaCreacion, @fechaCreacion, 1, 2 ,'1031231373' ,'JUAN' ,'AGUILERA PRAT' ,CONVERT(DATE, '02/05/2000', 103) ,NULL);
INSERT INTO cli_Cliente(cli_id, cli_fechacreacion, cli_fechaactualizacion, cli_activo, tid_id, cli_identificacion, cli_nombres, cli_apellidos, cli_fechanacimiento, cli_correoelectronico) VALUES (77, @fechaCreacion, @fechaCreacion, 1, 2 ,'1031231374' ,'MARTA' ,'ALAPONT ICART' ,CONVERT(DATE, '23/11/1960', 103) ,'mail@msn.com');
INSERT INTO cli_Cliente(cli_id, cli_fechacreacion, cli_fechaactualizacion, cli_activo, tid_id, cli_identificacion, cli_nombres, cli_apellidos, cli_fechanacimiento, cli_correoelectronico) VALUES (78, @fechaCreacion, @fechaCreacion, 1, 2 ,'1031231375' ,'CRISTINA' ,'RIVERO FLORIDO' ,CONVERT(DATE, '21/08/1992', 103) ,NULL);
INSERT INTO cli_Cliente(cli_id, cli_fechacreacion, cli_fechaactualizacion, cli_activo, tid_id, cli_identificacion, cli_nombres, cli_apellidos, cli_fechanacimiento, cli_correoelectronico) VALUES (79, @fechaCreacion, @fechaCreacion, 1, 2 ,'1031231376' ,'MARTA' ,'AVILA MASJUAN' ,CONVERT(DATE, '25/05/1988', 103) ,'mail@msn.com');
INSERT INTO cli_Cliente(cli_id, cli_fechacreacion, cli_fechaactualizacion, cli_activo, tid_id, cli_identificacion, cli_nombres, cli_apellidos, cli_fechanacimiento, cli_correoelectronico) VALUES (80, @fechaCreacion, @fechaCreacion, 1, 2 ,'1031231377' ,'LAURA' ,'FERRER GASSET' ,CONVERT(DATE, '13/06/1977', 103) ,NULL);
INSERT INTO cli_Cliente(cli_id, cli_fechacreacion, cli_fechaactualizacion, cli_activo, tid_id, cli_identificacion, cli_nombres, cli_apellidos, cli_fechanacimiento, cli_correoelectronico) VALUES (81, @fechaCreacion, @fechaCreacion, 1, 2 ,'1031231378' ,'JOAN' ,'AMIGO MODREGO' ,CONVERT(DATE, '02/01/1985', 103) ,'mail@msn.com');
INSERT INTO cli_Cliente(cli_id, cli_fechacreacion, cli_fechaactualizacion, cli_activo, tid_id, cli_identificacion, cli_nombres, cli_apellidos, cli_fechanacimiento, cli_correoelectronico) VALUES (82, @fechaCreacion, @fechaCreacion, 1, 2 ,'1031231379' ,'ALEXIA' ,'CANELLAS GOMEZ' ,CONVERT(DATE, '20/12/1980', 103) ,'mail@msn.com');
INSERT INTO cli_Cliente(cli_id, cli_fechacreacion, cli_fechaactualizacion, cli_activo, tid_id, cli_identificacion, cli_nombres, cli_apellidos, cli_fechanacimiento, cli_correoelectronico) VALUES (83, @fechaCreacion, @fechaCreacion, 1, 2 ,'1031231380' ,'FERRAN' ,'HIDALGO ALTIMIRAS' ,CONVERT(DATE, '02/04/1972', 103) ,'mail@msn.com');
INSERT INTO cli_Cliente(cli_id, cli_fechacreacion, cli_fechaactualizacion, cli_activo, tid_id, cli_identificacion, cli_nombres, cli_apellidos, cli_fechanacimiento, cli_correoelectronico) VALUES (84, @fechaCreacion, @fechaCreacion, 1, 2 ,'1031231381' ,'CRISTINA' ,'BASTARDAS FRANCH' ,CONVERT(DATE, '24/04/1957', 103) ,'mail@msn.com');
INSERT INTO cli_Cliente(cli_id, cli_fechacreacion, cli_fechaactualizacion, cli_activo, tid_id, cli_identificacion, cli_nombres, cli_apellidos, cli_fechanacimiento, cli_correoelectronico) VALUES (85, @fechaCreacion, @fechaCreacion, 1, 2 ,'1031231382' ,'JOSE' ,'ABADIAS MASANA' ,CONVERT(DATE, '02/05/2000', 103) ,NULL);
INSERT INTO cli_Cliente(cli_id, cli_fechacreacion, cli_fechaactualizacion, cli_activo, tid_id, cli_identificacion, cli_nombres, cli_apellidos, cli_fechanacimiento, cli_correoelectronico) VALUES (86, @fechaCreacion, @fechaCreacion, 1, 2 ,'1031231383' ,'JORDI' ,'AREVALO SANCHEZ' ,CONVERT(DATE, '23/11/1960', 103) ,'mail@msn.com');
INSERT INTO cli_Cliente(cli_id, cli_fechacreacion, cli_fechaactualizacion, cli_activo, tid_id, cli_identificacion, cli_nombres, cli_apellidos, cli_fechanacimiento, cli_correoelectronico) VALUES (87, @fechaCreacion, @fechaCreacion, 1, 2 ,'1031231384' ,'GEMMA' ,'ALINS MULET' ,CONVERT(DATE, '21/08/1992', 103) ,NULL);
INSERT INTO cli_Cliente(cli_id, cli_fechacreacion, cli_fechaactualizacion, cli_activo, tid_id, cli_identificacion, cli_nombres, cli_apellidos, cli_fechanacimiento, cli_correoelectronico) VALUES (88, @fechaCreacion, @fechaCreacion, 1, 2 ,'1031231385' ,'RICARD' ,'ALVAREZ PARCERISA' ,CONVERT(DATE, '25/05/1988', 103) ,'mail@msn.com');
INSERT INTO cli_Cliente(cli_id, cli_fechacreacion, cli_fechaactualizacion, cli_activo, tid_id, cli_identificacion, cli_nombres, cli_apellidos, cli_fechanacimiento, cli_correoelectronico) VALUES (89, @fechaCreacion, @fechaCreacion, 1, 2 ,'1031231386' ,'JUAN' ,'MORALES GESE' ,CONVERT(DATE, '13/06/1977', 103) ,NULL);
INSERT INTO cli_Cliente(cli_id, cli_fechacreacion, cli_fechaactualizacion, cli_activo, tid_id, cli_identificacion, cli_nombres, cli_apellidos, cli_fechanacimiento, cli_correoelectronico) VALUES (90, @fechaCreacion, @fechaCreacion, 1, 2 ,'1031231387' ,'MARIO' ,'RUEDA ALVAREZ' ,CONVERT(DATE, '02/01/1985', 103) ,'mail@msn.com');
INSERT INTO cli_Cliente(cli_id, cli_fechacreacion, cli_fechaactualizacion, cli_activo, tid_id, cli_identificacion, cli_nombres, cli_apellidos, cli_fechanacimiento, cli_correoelectronico) VALUES (91, @fechaCreacion, @fechaCreacion, 1, 1 ,'800943545' ,'FABRICA' ,'' ,NULL ,'mail@msn.com');
INSERT INTO cli_Cliente(cli_id, cli_fechacreacion, cli_fechaactualizacion, cli_activo, tid_id, cli_identificacion, cli_nombres, cli_apellidos, cli_fechanacimiento, cli_correoelectronico) VALUES (92, @fechaCreacion, @fechaCreacion, 1, 1 ,'800839234' ,'SOLDAMOS' ,'' ,NULL ,'mail@msn.com');
INSERT INTO cli_Cliente(cli_id, cli_fechacreacion, cli_fechaactualizacion, cli_activo, tid_id, cli_identificacion, cli_nombres, cli_apellidos, cli_fechanacimiento, cli_correoelectronico) VALUES (93, @fechaCreacion, @fechaCreacion, 1, 1 ,'800900456' ,'REPUESTOS' ,'' ,NULL ,'mail@msn.com');
INSERT INTO cli_Cliente(cli_id, cli_fechacreacion, cli_fechaactualizacion, cli_activo, tid_id, cli_identificacion, cli_nombres, cli_apellidos, cli_fechanacimiento, cli_correoelectronico) VALUES (94, @fechaCreacion, @fechaCreacion, 1, 1 ,'800943546' ,'MECANIZAMOS' ,'' ,NULL ,'mail@msn.com');
INSERT INTO cli_Cliente(cli_id, cli_fechacreacion, cli_fechaactualizacion, cli_activo, tid_id, cli_identificacion, cli_nombres, cli_apellidos, cli_fechanacimiento, cli_correoelectronico) VALUES (95, @fechaCreacion, @fechaCreacion, 1, 1 ,'800839235' ,'EMPRESA' ,'' ,NULL ,'mail@msn.com');
INSERT INTO cli_Cliente(cli_id, cli_fechacreacion, cli_fechaactualizacion, cli_activo, tid_id, cli_identificacion, cli_nombres, cli_apellidos, cli_fechanacimiento, cli_correoelectronico) VALUES (96, @fechaCreacion, @fechaCreacion, 1, 1 ,'800900457' ,'TUS REPUESTOS' ,'' ,NULL ,NULL);
INSERT INTO cli_Cliente(cli_id, cli_fechacreacion, cli_fechaactualizacion, cli_activo, tid_id, cli_identificacion, cli_nombres, cli_apellidos, cli_fechanacimiento, cli_correoelectronico) VALUES (97, @fechaCreacion, @fechaCreacion, 1, 1 ,'800943547' ,'PINTUREPUESTOS' ,'' ,NULL ,'mail@msn.com');
INSERT INTO cli_Cliente(cli_id, cli_fechacreacion, cli_fechaactualizacion, cli_activo, tid_id, cli_identificacion, cli_nombres, cli_apellidos, cli_fechanacimiento, cli_correoelectronico) VALUES (98, @fechaCreacion, @fechaCreacion, 1, 1 ,'800839236' ,'HERMANOS GOMEZ' ,'' ,NULL ,'mail@msn.com');
INSERT INTO cli_Cliente(cli_id, cli_fechacreacion, cli_fechaactualizacion, cli_activo, tid_id, cli_identificacion, cli_nombres, cli_apellidos, cli_fechanacimiento, cli_correoelectronico) VALUES (99, @fechaCreacion, @fechaCreacion, 1, 1 ,'800900458' ,'TU MOTO' ,'' ,NULL ,'mail@msn.com');
INSERT INTO cli_Cliente(cli_id, cli_fechacreacion, cli_fechaactualizacion, cli_activo, tid_id, cli_identificacion, cli_nombres, cli_apellidos, cli_fechanacimiento, cli_correoelectronico) VALUES (100, @fechaCreacion, @fechaCreacion, 1, 1 ,'800943548' ,'MOTO YA' ,'' ,NULL ,'mail@msn.com');

SET IDENTITY_INSERT cli_Cliente OFF
